-- phpMyAdmin SQL Dump
-- version 4.5.5.1
-- http://www.phpmyadmin.net
--
-- Host: 127.0.0.1
-- Generation Time: Apr 28, 2022 at 11:08 AM
-- Server version: 5.7.11
-- PHP Version: 5.6.19

SET SQL_MODE = "NO_AUTO_VALUE_ON_ZERO";
SET time_zone = "+00:00";


/*!40101 SET @OLD_CHARACTER_SET_CLIENT=@@CHARACTER_SET_CLIENT */;
/*!40101 SET @OLD_CHARACTER_SET_RESULTS=@@CHARACTER_SET_RESULTS */;
/*!40101 SET @OLD_COLLATION_CONNECTION=@@COLLATION_CONNECTION */;
/*!40101 SET NAMES utf8mb4 */;

--
-- Database: `railres`
--

-- --------------------------------------------------------

--
-- Table structure for table `booking`
--

CREATE TABLE `booking` (
  `uname` varchar(15) NOT NULL,
  `Tnumber` int(11) NOT NULL,
  `class` varchar(2) NOT NULL,
  `doj` date NOT NULL,
  `DOB` date NOT NULL,
  `fromstn` varchar(15) NOT NULL,
  `tostn` varchar(15) NOT NULL,
  `Name` varchar(15) NOT NULL,
  `Age` int(11) NOT NULL,
  `sex` varchar(10) NOT NULL,
  `Status` varchar(20) NOT NULL
) ENGINE=MyISAM DEFAULT CHARSET=latin1;

--
-- Dumping data for table `booking`
--

INSERT INTO `booking` (`uname`, `Tnumber`, `class`, `doj`, `DOB`, `fromstn`, `tostn`, `Name`, `Age`, `sex`, `Status`) VALUES
('Jaideep', 12009, '2A', '2022-04-28', '2022-04-27', 'ISLAMABAD', 'HYDERABAD', 'haseeb', 20, 'male', 'Confirmed'),
('Jaideep', 63212, '3A', '2022-04-29', '2022-05-02', 'LAHORE', 'MULTAN', 'aftab', 22, 'male', 'Confirmed'),
('Jaideep', 25222, 'AC', '2022-05-04', '2022-05-15', 'KARACHI', 'PINDI', 'adil', 23, 'male', 'Confirmed');

-- --------------------------------------------------------

--
-- Table structure for table `interlist`
--

CREATE TABLE `interlist` (
  `Number` int(6) DEFAULT NULL,
  `st1` varchar(10) DEFAULT NULL,
  `st1arri` varchar(10) DEFAULT NULL,
  `st2` varchar(10) DEFAULT NULL,
  `st2arri` varchar(10) DEFAULT NULL,
  `st3` varchar(10) DEFAULT NULL,
  `st3arri` varchar(10) DEFAULT NULL,
  `st4` varchar(10) DEFAULT NULL,
  `st4arri` varchar(10) DEFAULT NULL,
  `st5` varchar(10) DEFAULT NULL,
  `st5arri` varchar(10) DEFAULT NULL,
  `Ori` varchar(20) NOT NULL,
  `Oriarri` varchar(10) NOT NULL,
  `Dest` varchar(20) NOT NULL,
  `Desarri` varchar(10) NOT NULL,
  `Name` varchar(20) NOT NULL,
  `Mon` varchar(2) NOT NULL,
  `Tue` varchar(2) NOT NULL,
  `Wed` varchar(2) NOT NULL,
  `Thu` varchar(2) NOT NULL,
  `Fri` varchar(2) NOT NULL,
  `Sat` varchar(2) NOT NULL,
  `Sun` varchar(2) NOT NULL
) ENGINE=InnoDB DEFAULT CHARSET=latin1;

--
-- Dumping data for table `interlist`
--

INSERT INTO `interlist` (`Number`, `st1`, `st1arri`, `st2`, `st2arri`, `st3`, `st3arri`, `st4`, `st4arri`, `st5`, `st5arri`, `Ori`, `Oriarri`, `Dest`, `Desarri`, `Name`, `Mon`, `Tue`, `Wed`, `Thu`, `Fri`, `Sat`, `Sun`) VALUES
(12009, 'KARACHI', '00:15', 'HYD', '01:45', 'JAMSHORO', '02:30', 'MIRPURKHAS', '04:00', '', '05:05', 'KARACHI', '08:15', 'MIRPURKHAS', '06:25', 'MEHRAN EXPRESS', 'Y', 'Y', 'Y', 'Y', 'Y', 'Y', 'X'),
(12931, 'HYD', '07:15', 'JAMSHORO', '08:45', 'KARACHI', '09:30', '', '11:30', '', '12:45', 'HYD', '06:00', 'KARACHI', '14:20', 'SIR SYED EXPRESS', 'Y', 'Y', 'Y', 'Y', 'Y', 'Y', 'Y'),
(12932, 'LAHORE', '19:15', 'PINDI', '18:45', 'ISLAMABAD', '07:30', '', '15:30', '', '14:05', 'LAHORE', '13:00', 'ISLAMABAD', '22:10', 'MILLAT EXPRESS', 'Y', 'Y', 'Y', 'Y', 'Y', 'Y', 'Y'),
(12952, '', '06:26', 'LAHORE', '01:50', '', '23:45', '', '20:20', 'PESHAWAR', '18:10', 'PESHAWAR', '16:25', 'LAHORE', '10:25', 'SHAH LATIF EXPRESS', 'Y', 'Y', 'Y', 'Y', 'Y', 'Y', 'Y'),
(19011, '', '00:10', '', '23:50', 'ISLAMABAD', '22:25', '', '20:05', 'PESHAWAR', '18:20', 'ISLAMABAD', '16:15', 'PESHAWAR', '01:35', 'QUAID EXPRESS', 'N', 'N', 'Y', 'N', 'N', 'N', 'Y'),
(63212, '', '00:10', '', '6:45', 'LAHORE', '22:25', 'PINDI', '2:00', 'MULTAN', '6:45', 'LAHORE', '2:00', 'MULTAN', '01:35', 'AWAMI EXPRESS', 'Y', 'Y', 'Y', 'Y', 'Y', 'N', 'Y'),
(25222, '', '07:00', 'KARACHI', '08:00', 'ISLAMABAD', '15:15', 'PINDI', '16:15', '', '08:00', 'KARACHI', '16:15', 'PINDI', '01:35', 'PINDI EXPRESS', 'Y', 'N', 'Y', 'N', 'Y', 'N', 'Y'),
(29333, '', '00:10', '', '21:10', 'MULTAN', '22:25', 'SUKKUR', '08:05', 'HYD', '6:45', 'MULTAN', '21:10', 'HYD', '08:05', 'PAK EXPRESS', 'Y', 'Y', 'Y', 'Y', 'Y', 'N', 'N'),
(59442, '', '00:10', '', '1:35', 'ISLAMABAD', '22:25', 'BAHAWALPUR', '2:00', 'HYD', '4:35', 'ISLAMABAD', '2:00', 'HYD', '01:35', 'SHAH EXPRESS', 'N', 'Y', 'Y', 'Y', 'Y', 'Y', 'Y');

-- --------------------------------------------------------

--
-- Table structure for table `seats_availability`
--

CREATE TABLE `seats_availability` (
  `Train_No` int(11) NOT NULL,
  `Train_Name` varchar(20) NOT NULL,
  `doj` date NOT NULL,
  `1A` int(11) NOT NULL,
  `2A` int(11) NOT NULL,
  `3A` int(11) NOT NULL,
  `AC` int(11) NOT NULL,
  `CC` int(11) NOT NULL,
  `SL` int(11) NOT NULL
) ENGINE=MyISAM DEFAULT CHARSET=latin1;

--
-- Dumping data for table `seats_availability`
--

INSERT INTO `seats_availability` (`Train_No`, `Train_Name`, `doj`, `1A`, `2A`, `3A`, `AC`, `CC`, `SL`) VALUES
(12009, 'MEHRAN EXPRESS', '2022-04-10', 5, 5, 5, 5, 5, 5),
(12009, 'MEHRAN EXPRESS', '2022-04-11', 5, 5, 5, 5, 5, 5),
(12009, 'MEHRAN EXPRESS', '2022-04-12', 5, 5, 5, 5, 5, 5),
(12009, 'MEHRAN EXPRESS', '2022-04-13', 5, 5, 5, 5, 5, 5),
(12009, 'MEHRAN EXPRESS', '2022-04-14', 5, 5, 5, 5, 5, 5),
(12009, 'MEHRAN EXPRESS', '2022-04-15', 5, 5, 5, 5, 5, 5),
(12009, 'MEHRAN EXPRESS', '2022-04-16', 5, 5, 5, 5, 5, 5),
(12009, 'MEHRAN EXPRESS', '2022-04-17', 5, 5, 5, 5, 5, 5),
(12009, 'MEHRAN EXPRESS', '2022-04-18', 5, 5, 5, 5, 5, 5),
(12009, 'MEHRAN EXPRESS', '2022-04-19', 5, 5, 5, 5, 5, 5),
(12009, 'MEHRAN EXPRESS', '2022-04-20', 5, 5, 5, 5, 5, 5),
(12009, 'MEHRAN EXPRESS', '2022-04-21', 5, 5, 5, 5, 5, 5),
(12009, 'MEHRAN EXPRESS', '2022-04-22', 5, 5, 5, 5, 5, 5),
(12009, 'MEHRAN EXPRESS', '2022-04-23', 5, 5, 5, 5, 5, 5),
(12009, 'MEHRAN EXPRESS', '2022-04-24', 5, 5, 5, 5, 5, 5),
(12009, 'MEHRAN EXPRESS', '2022-04-25', 5, 5, 5, 5, 5, 5),
(12009, 'MEHRAN EXPRESS', '2022-04-26', 4, 5, 5, 5, 5, 5),
(12009, 'MEHRAN EXPRESS', '2022-04-27', 5, 5, 5, 5, 5, 4),
(12009, 'MEHRAN EXPRESS', '2022-04-28', 5, 4, 5, 5, 5, 5),
(12009, 'MEHRAN EXPRESS', '2022-04-29', 5, 5, 5, 5, 5, 5),
(12009, 'MEHRAN EXPRESS', '2022-04-30', 5, 5, 5, 5, 5, 5),
(12009, 'MEHRAN EXPRESS', '2022-05-01', 5, 5, 5, 5, 5, 5),
(12009, 'MEHRAN EXPRESS', '2022-05-02', 5, 5, 5, 5, 5, 5),
(12009, 'MEHRAN EXPRESS', '2022-05-03', 5, 5, 5, 5, 5, 5),
(12009, 'MEHRAN EXPRESS', '2022-05-04', 5, 5, 5, 5, 5, 5),
(12009, 'MEHRAN EXPRESS', '2022-05-05', 5, 5, 5, 5, 5, 5),
(12009, 'MEHRAN EXPRESS', '2022-05-06', 5, 5, 5, 5, 5, 5),
(12009, 'MEHRAN EXPRESS', '2022-05-07', 5, 5, 5, 5, 5, 5),
(12009, 'MEHRAN EXPRESS', '2022-05-08', 5, 5, 5, 5, 5, 5),
(12009, 'MEHRAN EXPRESS', '2022-05-09', 5, 5, 5, 5, 5, 5),
(12009, 'MEHRAN EXPRESS', '2022-05-10', 5, 5, 5, 5, 5, 5),
(12009, 'MEHRAN EXPRESS', '2022-05-11', 5, 5, 5, 5, 5, 5),
(12009, 'MEHRAN EXPRESS', '2022-05-12', 5, 5, 5, 5, 5, 5),
(12009, 'MEHRAN EXPRESS', '2022-05-13', 5, 5, 5, 5, 5, 5),
(12009, 'MEHRAN EXPRESS', '2022-05-14', 5, 5, 5, 5, 5, 5),
(12009, 'MEHRAN EXPRESS', '2022-05-15', 5, 5, 5, 5, 5, 5),
(12009, 'MEHRAN EXPRESS', '2022-05-16', 5, 5, 5, 5, 5, 5),
(12009, 'MEHRAN EXPRESS', '2022-05-17', 5, 5, 5, 5, 5, 5),
(12009, 'MEHRAN EXPRESS', '2022-05-18', 5, 5, 5, 5, 5, 5),
(12009, 'MEHRAN EXPRESS', '2022-05-19', 5, 5, 5, 5, 5, 5),
(12009, 'MEHRAN EXPRESS', '2022-05-20', 5, 5, 5, 5, 5, 5),
(12009, 'MEHRAN EXPRESS', '2022-05-21', 5, 5, 5, 5, 5, 5),
(12009, 'MEHRAN EXPRESS', '2022-05-22', 5, 5, 5, 5, 5, 5),
(12009, 'MEHRAN EXPRESS', '2022-05-23', 5, 5, 5, 5, 5, 5),
(12009, 'MEHRAN EXPRESS', '2022-05-24', 5, 5, 5, 5, 5, 5),
(12009, 'MEHRAN EXPRESS', '2022-05-25', 5, 5, 5, 5, 5, 5),
(12009, 'MEHRAN EXPRESS', '2022-05-26', 5, 5, 5, 5, 5, 5),
(12009, 'MEHRAN EXPRESS', '2022-05-27', 5, 5, 5, 5, 5, 5),
(12009, 'MEHRAN EXPRESS', '2022-05-28', 5, 5, 5, 5, 5, 5),
(12009, 'MEHRAN EXPRESS', '2022-05-29', 5, 5, 5, 5, 5, 5),
(12009, 'MEHRAN EXPRESS', '2022-05-30', 5, 5, 5, 5, 5, 5),
(12009, 'MEHRAN EXPRESS', '2022-05-31', 5, 5, 5, 5, 5, 5),
(12009, 'MEHRAN EXPRESS', '2022-06-01', 5, 5, 5, 5, 5, 5),
(12009, 'MEHRAN EXPRESS', '2022-06-02', 5, 5, 5, 5, 5, 5),
(12009, 'MEHRAN EXPRESS', '2022-06-03', 5, 5, 5, 5, 5, 5),
(12009, 'MEHRAN EXPRESS', '2022-06-04', 5, 5, 5, 5, 5, 5),
(12009, 'MEHRAN EXPRESS', '2022-06-05', 5, 5, 5, 5, 5, 5),
(12009, 'MEHRAN EXPRESS', '2022-06-06', 5, 5, 5, 5, 5, 5),
(12009, 'MEHRAN EXPRESS', '2022-06-07', 5, 5, 5, 5, 5, 5),
(12009, 'MEHRAN EXPRESS', '2022-06-08', 5, 5, 5, 5, 5, 5),
(12009, 'MEHRAN EXPRESS', '2022-06-09', 5, 5, 5, 5, 5, 5),
(12009, 'MEHRAN EXPRESS', '2022-06-10', 5, 5, 5, 5, 5, 5),
(12009, 'MEHRAN EXPRESS', '2022-06-11', 5, 5, 5, 5, 5, 5),
(12009, 'MEHRAN EXPRESS', '2022-06-12', 5, 5, 5, 5, 5, 5),
(12009, 'MEHRAN EXPRESS', '2022-06-13', 5, 5, 5, 5, 5, 5),
(12009, 'MEHRAN EXPRESS', '2022-06-14', 5, 5, 5, 5, 5, 5),
(12009, 'MEHRAN EXPRESS', '2022-06-15', 5, 5, 5, 5, 5, 5),
(12009, 'MEHRAN EXPRESS', '2022-06-16', 5, 5, 5, 5, 5, 5),
(12009, 'MEHRAN EXPRESS', '2022-06-17', 5, 5, 5, 5, 5, 5),
(12009, 'MEHRAN EXPRESS', '2022-06-18', 5, 5, 5, 5, 5, 5),
(12009, 'MEHRAN EXPRESS', '2022-06-19', 5, 5, 5, 5, 5, 5),
(12009, 'MEHRAN EXPRESS', '2022-06-20', 5, 5, 5, 5, 5, 5),
(12009, 'MEHRAN EXPRESS', '2022-06-21', 5, 5, 5, 5, 5, 5),
(12009, 'MEHRAN EXPRESS', '2022-06-22', 5, 5, 5, 5, 5, 5),
(12009, 'MEHRAN EXPRESS', '2022-06-23', 5, 5, 5, 5, 5, 5),
(12009, 'MEHRAN EXPRESS', '2022-06-24', 5, 5, 5, 5, 5, 5),
(12009, 'MEHRAN EXPRESS', '2022-06-25', 5, 5, 5, 5, 5, 5),
(12009, 'MEHRAN EXPRESS', '2022-06-26', 5, 5, 5, 5, 5, 5),
(12009, 'MEHRAN EXPRESS', '2022-06-27', 5, 5, 5, 5, 5, 5),
(12009, 'MEHRAN EXPRESS', '2022-06-28', 5, 5, 5, 5, 5, 5),
(12009, 'MEHRAN EXPRESS', '2022-06-29', 5, 5, 5, 5, 5, 5),
(12009, 'MEHRAN EXPRESS', '2022-06-30', 5, 5, 5, 5, 5, 5),
(12009, 'MEHRAN EXPRESS', '2022-07-01', 5, 5, 5, 5, 5, 5),
(12009, 'MEHRAN EXPRESS', '2022-07-02', 5, 5, 5, 5, 5, 5),
(12009, 'MEHRAN EXPRESS', '2022-07-03', 5, 5, 5, 5, 5, 5),
(12009, 'MEHRAN EXPRESS', '2022-07-04', 5, 5, 5, 5, 5, 5),
(12009, 'MEHRAN EXPRESS', '2022-07-05', 5, 5, 5, 5, 5, 5),
(12009, 'MEHRAN EXPRESS', '2022-07-06', 5, 5, 5, 5, 5, 5),
(12009, 'MEHRAN EXPRESS', '2022-07-07', 5, 5, 5, 5, 5, 5),
(12009, 'MEHRAN EXPRESS', '2022-07-08', 5, 5, 5, 5, 5, 5),
(12931, 'SIR SYED EXPRESS', '2022-04-10', 5, 5, 5, 5, 5, 5),
(12931, 'SIR SYED EXPRESS', '2022-04-11', 5, 5, 5, 5, 5, 5),
(12931, 'SIR SYED EXPRESS', '2022-04-12', 5, 5, 5, 5, 5, 5),
(12931, 'SIR SYED EXPRESS', '2022-04-13', 5, 5, 5, 5, 5, 5),
(12931, 'SIR SYED EXPRESS', '2022-04-14', 5, 5, 5, 5, 5, 5),
(12931, 'SIR SYED EXPRESS', '2022-04-15', 5, 5, 5, 5, 5, 5),
(12931, 'SIR SYED EXPRESS', '2022-04-16', 5, 5, 5, 5, 5, 5),
(12931, 'SIR SYED EXPRESS', '2022-04-17', 5, 5, 5, 5, 5, 5),
(12931, 'SIR SYED EXPRESS', '2022-04-18', 5, 5, 5, 5, 5, 5),
(12931, 'SIR SYED EXPRESS', '2022-04-19', 5, 5, 5, 5, 5, 5),
(12931, 'SIR SYED EXPRESS', '2022-04-20', 5, 5, 5, 5, 5, 5),
(12931, 'SIR SYED EXPRESS', '2022-04-21', 5, 5, 5, 5, 5, 5),
(12931, 'SIR SYED EXPRESS', '2022-04-22', 5, 5, 5, 5, 5, 5),
(12931, 'SIR SYED EXPRESS', '2022-04-23', 5, 5, 5, 5, 5, 5),
(12931, 'SIR SYED EXPRESS', '2022-04-24', 5, 5, 5, 5, 5, 5),
(12931, 'SIR SYED EXPRESS', '2022-04-25', 5, 5, 5, 5, 5, 5),
(12931, 'SIR SYED EXPRESS', '2022-04-26', 5, 5, 5, 5, 5, 5),
(12931, 'SIR SYED EXPRESS', '2022-04-27', 5, 5, 5, 5, 5, 5),
(12931, 'SIR SYED EXPRESS', '2022-04-28', 5, 5, 4, 5, 5, 5),
(12931, 'SIR SYED EXPRESS', '2022-04-29', 5, 5, 5, 5, 5, 5),
(12931, 'SIR SYED EXPRESS', '2022-04-30', 5, 5, 5, 5, 5, 5),
(12931, 'SIR SYED EXPRESS', '2022-05-01', 5, 5, 5, 5, 5, 5),
(12931, 'SIR SYED EXPRESS', '2022-05-02', 5, 5, 5, 5, 5, 5),
(12931, 'SIR SYED EXPRESS', '2022-05-03', 5, 5, 5, 5, 5, 5),
(12931, 'SIR SYED EXPRESS', '2022-05-04', 5, 5, 5, 5, 5, 5),
(12931, 'SIR SYED EXPRESS', '2022-05-05', 5, 5, 5, 5, 5, 5),
(12931, 'SIR SYED EXPRESS', '2022-05-06', 5, 5, 5, 5, 5, 5),
(12931, 'SIR SYED EXPRESS', '2022-05-07', 5, 5, 5, 5, 5, 5),
(12931, 'SIR SYED EXPRESS', '2022-05-08', 5, 5, 5, 5, 5, 5),
(12931, 'SIR SYED EXPRESS', '2022-05-09', 5, 5, 5, 5, 5, 5),
(12931, 'SIR SYED EXPRESS', '2022-05-10', 5, 5, 5, 5, 5, 5),
(12931, 'SIR SYED EXPRESS', '2022-05-11', 5, 5, 5, 5, 5, 5),
(12931, 'SIR SYED EXPRESS', '2022-05-12', 5, 5, 5, 5, 5, 5),
(12931, 'SIR SYED EXPRESS', '2022-05-13', 5, 5, 5, 5, 5, 5),
(12931, 'SIR SYED EXPRESS', '2022-05-14', 5, 5, 5, 5, 5, 5),
(12931, 'SIR SYED EXPRESS', '2022-05-15', 5, 5, 5, 5, 5, 5),
(12931, 'SIR SYED EXPRESS', '2022-05-16', 5, 5, 5, 5, 5, 5),
(12931, 'SIR SYED EXPRESS', '2022-05-17', 5, 5, 5, 5, 5, 5),
(12931, 'SIR SYED EXPRESS', '2022-05-18', 5, 5, 5, 5, 5, 5),
(12931, 'SIR SYED EXPRESS', '2022-05-19', 5, 5, 5, 5, 5, 5),
(12931, 'SIR SYED EXPRESS', '2022-05-20', 5, 5, 5, 5, 5, 5),
(12931, 'SIR SYED EXPRESS', '2022-05-21', 5, 5, 5, 5, 5, 5),
(12931, 'SIR SYED EXPRESS', '2022-05-22', 5, 5, 5, 5, 5, 5),
(12931, 'SIR SYED EXPRESS', '2022-05-23', 5, 5, 5, 5, 5, 5),
(12931, 'SIR SYED EXPRESS', '2022-05-24', 5, 5, 5, 5, 5, 5),
(12931, 'SIR SYED EXPRESS', '2022-05-25', 5, 5, 5, 5, 5, 5),
(12931, 'SIR SYED EXPRESS', '2022-05-26', 5, 5, 5, 5, 5, 5),
(12931, 'SIR SYED EXPRESS', '2022-05-27', 5, 5, 5, 5, 5, 5),
(12931, 'SIR SYED EXPRESS', '2022-05-28', 5, 5, 5, 5, 5, 5),
(12931, 'SIR SYED EXPRESS', '2022-05-29', 5, 5, 5, 5, 5, 5),
(12931, 'SIR SYED EXPRESS', '2022-05-30', 5, 5, 5, 5, 5, 5),
(12931, 'SIR SYED EXPRESS', '2022-05-31', 5, 5, 5, 5, 5, 5),
(12931, 'SIR SYED EXPRESS', '2022-06-01', 5, 5, 5, 5, 5, 5),
(12931, 'SIR SYED EXPRESS', '2022-06-02', 5, 5, 5, 5, 5, 5),
(12931, 'SIR SYED EXPRESS', '2022-06-03', 5, 5, 5, 5, 5, 5),
(12931, 'SIR SYED EXPRESS', '2022-06-04', 5, 5, 5, 5, 5, 5),
(12931, 'SIR SYED EXPRESS', '2022-06-05', 5, 5, 5, 5, 5, 5),
(12931, 'SIR SYED EXPRESS', '2022-06-06', 5, 5, 5, 5, 5, 5),
(12931, 'SIR SYED EXPRESS', '2022-06-07', 5, 5, 5, 5, 5, 5),
(12931, 'SIR SYED EXPRESS', '2022-06-08', 5, 5, 5, 5, 5, 5),
(12931, 'SIR SYED EXPRESS', '2022-06-09', 5, 5, 5, 5, 5, 5),
(12931, 'SIR SYED EXPRESS', '2022-06-10', 5, 5, 5, 5, 5, 5),
(12931, 'SIR SYED EXPRESS', '2022-06-11', 5, 5, 5, 5, 5, 5),
(12931, 'SIR SYED EXPRESS', '2022-06-12', 5, 5, 5, 5, 5, 5),
(12931, 'SIR SYED EXPRESS', '2022-06-13', 5, 5, 5, 5, 5, 5),
(12931, 'SIR SYED EXPRESS', '2022-06-14', 5, 5, 5, 5, 5, 5),
(12931, 'SIR SYED EXPRESS', '2022-06-15', 5, 5, 5, 5, 5, 5),
(12931, 'SIR SYED EXPRESS', '2022-06-16', 5, 5, 5, 5, 5, 5),
(12931, 'SIR SYED EXPRESS', '2022-06-17', 5, 5, 5, 5, 5, 5),
(12931, 'SIR SYED EXPRESS', '2022-06-18', 5, 5, 5, 5, 5, 5),
(12931, 'SIR SYED EXPRESS', '2022-06-19', 5, 5, 5, 5, 5, 5),
(12931, 'SIR SYED EXPRESS', '2022-06-20', 5, 5, 5, 5, 5, 5),
(12931, 'SIR SYED EXPRESS', '2022-06-21', 5, 5, 5, 5, 5, 5),
(12931, 'SIR SYED EXPRESS', '2022-06-22', 5, 5, 5, 5, 5, 5),
(12931, 'SIR SYED EXPRESS', '2022-06-23', 5, 5, 5, 5, 5, 5),
(12931, 'SIR SYED EXPRESS', '2022-06-24', 5, 5, 5, 5, 5, 5),
(12931, 'SIR SYED EXPRESS', '2022-06-25', 5, 5, 5, 5, 5, 5),
(12931, 'SIR SYED EXPRESS', '2022-06-26', 5, 5, 5, 5, 5, 5),
(12931, 'SIR SYED EXPRESS', '2022-06-27', 5, 5, 5, 5, 5, 5),
(12931, 'SIR SYED EXPRESS', '2022-06-28', 5, 5, 5, 5, 5, 5),
(12931, 'SIR SYED EXPRESS', '2022-06-29', 5, 5, 5, 5, 5, 5),
(12931, 'SIR SYED EXPRESS', '2022-06-30', 5, 5, 5, 5, 5, 5),
(12931, 'SIR SYED EXPRESS', '2022-07-01', 5, 5, 5, 5, 5, 5),
(12931, 'SIR SYED EXPRESS', '2022-07-02', 5, 5, 5, 5, 5, 5),
(12931, 'SIR SYED EXPRESS', '2022-07-03', 5, 5, 5, 5, 5, 5),
(12931, 'SIR SYED EXPRESS', '2022-07-04', 5, 5, 5, 5, 5, 5),
(12931, 'SIR SYED EXPRESS', '2022-07-05', 5, 5, 5, 5, 5, 5),
(12931, 'SIR SYED EXPRESS', '2022-07-06', 5, 5, 5, 5, 5, 5),
(12931, 'SIR SYED EXPRESS', '2022-07-07', 5, 5, 5, 5, 5, 5),
(12931, 'SIR SYED EXPRESS', '2022-07-08', 5, 5, 5, 5, 5, 5),
(12932, 'MILLAT EXPRESS', '2022-04-10', 5, 5, 5, 5, 5, 5),
(12932, 'MILLAT EXPRESS', '2022-04-11', 5, 5, 5, 5, 5, 5),
(12932, 'MILLAT EXPRESS', '2022-04-12', 5, 5, 5, 5, 5, 5),
(12932, 'MILLAT EXPRESS', '2022-04-13', 5, 5, 5, 5, 5, 5),
(12932, 'MILLAT EXPRESS', '2022-04-14', 5, 5, 5, 5, 5, 5),
(12932, 'MILLAT EXPRESS', '2022-04-15', 5, 5, 5, 5, 5, 5),
(12932, 'MILLAT EXPRESS', '2022-04-16', 5, 5, 5, 5, 5, 5),
(12932, 'MILLAT EXPRESS', '2022-04-17', 5, 5, 5, 5, 5, 5),
(12932, 'MILLAT EXPRESS', '2022-04-18', 5, 5, 5, 5, 5, 5),
(12932, 'MILLAT EXPRESS', '2022-04-19', 5, 5, 5, 5, 5, 5),
(12932, 'MILLAT EXPRESS', '2022-04-20', 5, 5, 5, 5, 5, 5),
(12932, 'MILLAT EXPRESS', '2022-04-21', 5, 5, 5, 5, 5, 5),
(12932, 'MILLAT EXPRESS', '2022-04-22', 5, 5, 5, 5, 5, 5),
(12932, 'MILLAT EXPRESS', '2022-04-23', 5, 5, 5, 5, 5, 5),
(12932, 'MILLAT EXPRESS', '2022-04-24', 5, 5, 5, 5, 5, 5),
(12932, 'MILLAT EXPRESS', '2022-04-25', 5, 5, 5, 5, 5, 5),
(12932, 'MILLAT EXPRESS', '2022-04-26', 5, 5, 5, 5, 5, 5),
(12932, 'MILLAT EXPRESS', '2022-04-27', 5, 5, 5, 5, 5, 5),
(12932, 'MILLAT EXPRESS', '2022-04-28', 5, 5, 5, 5, 5, 5),
(12932, 'MILLAT EXPRESS', '2022-04-29', 5, 5, 5, 5, 5, 5),
(12932, 'MILLAT EXPRESS', '2022-04-30', 5, 5, 5, 5, 5, 5),
(12932, 'MILLAT EXPRESS', '2022-05-01', 5, 5, 5, 5, 5, 5),
(12932, 'MILLAT EXPRESS', '2022-05-02', 5, 5, 5, 5, 5, 5),
(12932, 'MILLAT EXPRESS', '2022-05-03', 5, 5, 5, 5, 5, 5),
(12932, 'MILLAT EXPRESS', '2022-05-04', 5, 5, 5, 5, 5, 5),
(12932, 'MILLAT EXPRESS', '2022-05-05', 5, 5, 5, 5, 5, 5),
(12932, 'MILLAT EXPRESS', '2022-05-06', 5, 5, 5, 5, 5, 5),
(12932, 'MILLAT EXPRESS', '2022-05-07', 5, 5, 5, 5, 5, 5),
(12932, 'MILLAT EXPRESS', '2022-05-08', 5, 5, 5, 5, 5, 5),
(12932, 'MILLAT EXPRESS', '2022-05-09', 5, 5, 5, 5, 5, 5),
(12932, 'MILLAT EXPRESS', '2022-05-10', 5, 5, 5, 5, 5, 5),
(12932, 'MILLAT EXPRESS', '2022-05-11', 5, 5, 5, 5, 5, 5),
(12932, 'MILLAT EXPRESS', '2022-05-12', 5, 5, 5, 5, 5, 5),
(12932, 'MILLAT EXPRESS', '2022-05-13', 5, 5, 5, 5, 5, 5),
(12932, 'MILLAT EXPRESS', '2022-05-14', 5, 5, 5, 5, 5, 5),
(12932, 'MILLAT EXPRESS', '2022-05-15', 5, 5, 5, 5, 5, 5),
(12932, 'MILLAT EXPRESS', '2022-05-16', 5, 5, 5, 5, 5, 5),
(12932, 'MILLAT EXPRESS', '2022-05-17', 5, 5, 5, 5, 5, 5),
(12932, 'MILLAT EXPRESS', '2022-05-18', 5, 5, 5, 5, 5, 5),
(12932, 'MILLAT EXPRESS', '2022-05-19', 5, 5, 5, 5, 5, 5),
(12932, 'MILLAT EXPRESS', '2022-05-20', 5, 5, 5, 5, 5, 5),
(12932, 'MILLAT EXPRESS', '2022-05-21', 5, 5, 5, 5, 5, 5),
(12932, 'MILLAT EXPRESS', '2022-05-22', 5, 5, 5, 5, 5, 5),
(12932, 'MILLAT EXPRESS', '2022-05-23', 5, 5, 5, 5, 5, 5),
(12932, 'MILLAT EXPRESS', '2022-05-24', 5, 5, 5, 5, 5, 5),
(12932, 'MILLAT EXPRESS', '2022-05-25', 5, 5, 5, 5, 5, 5),
(12932, 'MILLAT EXPRESS', '2022-05-26', 5, 5, 5, 5, 5, 5),
(12932, 'MILLAT EXPRESS', '2022-05-27', 5, 5, 5, 5, 5, 5),
(12932, 'MILLAT EXPRESS', '2022-05-28', 5, 5, 5, 5, 5, 5),
(12932, 'MILLAT EXPRESS', '2022-05-29', 5, 5, 5, 5, 5, 5),
(12932, 'MILLAT EXPRESS', '2022-05-30', 5, 5, 5, 5, 5, 5),
(12932, 'MILLAT EXPRESS', '2022-05-31', -3, 3, 5, 5, 5, 5),
(12932, 'MILLAT EXPRESS', '2022-06-01', 5, 5, 5, 5, 5, 5),
(12932, 'MILLAT EXPRESS', '2022-06-02', 5, 5, 5, 5, 5, 5),
(12932, 'MILLAT EXPRESS', '2022-06-03', 5, 5, 5, 5, 5, 5),
(12932, 'MILLAT EXPRESS', '2022-06-04', 5, 5, 5, 5, 5, 5),
(12932, 'MILLAT EXPRESS', '2022-06-05', 5, 5, 5, 5, 5, 5),
(12932, 'MILLAT EXPRESS', '2022-06-06', 5, 5, 5, 5, 5, 5),
(12932, 'MILLAT EXPRESS', '2022-06-07', 5, 5, 5, 5, 5, 5),
(12932, 'MILLAT EXPRESS', '2022-06-08', 5, 5, 5, 5, 5, 5),
(12932, 'MILLAT EXPRESS', '2022-06-09', 5, 5, 5, 5, 5, 5),
(12932, 'MILLAT EXPRESS', '2022-06-10', 5, 5, 5, 5, 5, 5),
(12932, 'MILLAT EXPRESS', '2022-06-11', 5, 5, 5, 5, 5, 5),
(12932, 'MILLAT EXPRESS', '2022-06-12', 5, 5, 5, 5, 5, 5),
(12932, 'MILLAT EXPRESS', '2022-06-13', 5, 5, 5, 5, 5, 5),
(12932, 'MILLAT EXPRESS', '2022-06-14', 5, 5, 5, 5, 5, 5),
(12932, 'MILLAT EXPRESS', '2022-06-15', 5, 5, 5, 5, 5, 5),
(12932, 'MILLAT EXPRESS', '2022-06-16', 5, 5, 5, 5, 5, 5),
(12932, 'MILLAT EXPRESS', '2022-06-17', 5, 5, 5, 5, 5, 5),
(12932, 'MILLAT EXPRESS', '2022-06-18', 5, 5, 5, 5, 5, 5),
(12932, 'MILLAT EXPRESS', '2022-06-19', 5, 5, 5, 5, 5, 5),
(12932, 'MILLAT EXPRESS', '2022-06-20', 5, 5, 5, 5, 5, 5),
(12932, 'MILLAT EXPRESS', '2022-06-21', 5, 5, 5, 5, 5, 5),
(12932, 'MILLAT EXPRESS', '2022-06-22', 5, 5, 5, 5, 5, 5),
(12932, 'MILLAT EXPRESS', '2022-06-23', 5, 5, 5, 5, 5, 5),
(12932, 'MILLAT EXPRESS', '2022-06-24', 5, 5, 5, 5, 5, 5),
(12932, 'MILLAT EXPRESS', '2022-06-25', 5, 5, 5, 5, 5, 5),
(12932, 'MILLAT EXPRESS', '2022-06-26', 5, 5, 5, 5, 5, 5),
(12932, 'MILLAT EXPRESS', '2022-06-27', 5, 5, 5, 5, 5, 5),
(12932, 'MILLAT EXPRESS', '2022-06-28', 5, 5, 5, 5, 5, 5),
(12932, 'MILLAT EXPRESS', '2022-06-29', 5, 5, 5, 5, 5, 5),
(12932, 'MILLAT EXPRESS', '2022-06-30', 5, 5, 5, 5, 5, 5),
(12932, 'MILLAT EXPRESS', '2022-07-01', 5, 5, 5, 5, 5, 5),
(12932, 'MILLAT EXPRESS', '2022-07-02', 5, 5, 5, 5, 5, 5),
(12932, 'MILLAT EXPRESS', '2022-07-03', 5, 5, 5, 5, 5, 5),
(12932, 'MILLAT EXPRESS', '2022-07-04', 5, 5, 5, 5, 5, 5),
(12932, 'MILLAT EXPRESS', '2022-07-05', 5, 5, 5, 5, 5, 5),
(12932, 'MILLAT EXPRESS', '2022-07-06', 5, 5, 5, 5, 5, 5),
(12932, 'MILLAT EXPRESS', '2022-07-07', 5, 5, 5, 5, 5, 5),
(12932, 'MILLAT EXPRESS', '2022-07-08', 5, 5, 5, 5, 5, 5),
(12952, 'SHAH LATIF EXPRESS', '2022-04-10', 5, 5, 5, 5, 5, 5),
(12952, 'SHAH LATIF EXPRESS', '2022-04-11', 5, 5, 5, 5, 5, 5),
(12952, 'SHAH LATIF EXPRESS', '2022-04-12', 5, 5, 5, 5, 5, 5),
(12952, 'SHAH LATIF EXPRESS', '2022-04-13', 5, 5, 5, 5, 5, 5),
(12952, 'SHAH LATIF EXPRESS', '2022-04-14', 5, 5, 5, 5, 5, 5),
(12952, 'SHAH LATIF EXPRESS', '2022-04-15', 5, 5, 5, 5, 5, 5),
(12952, 'SHAH LATIF EXPRESS', '2022-04-16', 5, 5, 5, 5, 5, 5),
(12952, 'SHAH LATIF EXPRESS', '2022-04-17', 5, 5, 5, 5, 5, 5),
(12952, 'SHAH LATIF EXPRESS', '2022-04-18', 5, 5, 5, 5, 5, 5),
(12952, 'SHAH LATIF EXPRESS', '2022-04-19', 5, 5, 5, 5, 5, 5),
(12952, 'SHAH LATIF EXPRESS', '2022-04-20', 5, 5, 5, 5, 5, 5),
(12952, 'SHAH LATIF EXPRESS', '2022-04-21', 5, 5, 5, 5, 5, 5),
(12952, 'SHAH LATIF EXPRESS', '2022-04-22', 5, 5, 5, 5, 5, 5),
(12952, 'SHAH LATIF EXPRESS', '2022-04-23', 5, 5, 5, 5, 5, 5),
(12952, 'SHAH LATIF EXPRESS', '2022-04-24', 5, 5, 5, 5, 5, 5),
(12952, 'SHAH LATIF EXPRESS', '2022-04-25', 5, 5, 5, 5, 5, 5),
(12952, 'SHAH LATIF EXPRESS', '2022-04-26', 5, 5, 5, 5, 5, 5),
(12952, 'SHAH LATIF EXPRESS', '2022-04-27', 5, 5, 5, 5, 5, 5),
(12952, 'SHAH LATIF EXPRESS', '2022-04-28', 5, 5, 5, 5, 5, 5),
(12952, 'SHAH LATIF EXPRESS', '2022-04-29', 5, 5, 5, 5, 5, 5),
(12952, 'SHAH LATIF EXPRESS', '2022-04-30', 5, 5, 5, 5, 5, 5),
(12952, 'SHAH LATIF EXPRESS', '2022-05-01', 5, 5, 5, 5, 5, 5),
(12952, 'SHAH LATIF EXPRESS', '2022-05-02', 5, 5, 5, 5, 5, 5),
(12952, 'SHAH LATIF EXPRESS', '2022-05-03', 5, 5, 5, 5, 5, 5),
(12952, 'SHAH LATIF EXPRESS', '2022-05-04', 5, 5, 5, 5, 5, 5),
(12952, 'SHAH LATIF EXPRESS', '2022-05-05', 5, 5, 5, 5, 5, 5),
(12952, 'SHAH LATIF EXPRESS', '2022-05-06', 5, 5, 5, 5, 5, 5),
(12952, 'SHAH LATIF EXPRESS', '2022-05-07', 5, 5, 5, 5, 5, 5),
(12952, 'SHAH LATIF EXPRESS', '2022-05-08', 5, 5, 5, 5, 5, 5),
(12952, 'SHAH LATIF EXPRESS', '2022-05-09', 5, 5, 5, 5, 5, 5),
(12952, 'SHAH LATIF EXPRESS', '2022-05-10', 5, 5, 5, 5, 5, 5),
(12952, 'SHAH LATIF EXPRESS', '2022-05-11', 5, 5, 5, 5, 5, 5),
(12952, 'SHAH LATIF EXPRESS', '2022-05-12', 5, 5, 5, 5, 5, 5),
(12952, 'SHAH LATIF EXPRESS', '2022-05-13', 5, 5, 5, 5, 5, 5),
(12952, 'SHAH LATIF EXPRESS', '2022-05-14', 5, 5, 5, 5, 5, 5),
(12952, 'SHAH LATIF EXPRESS', '2022-05-15', 5, 5, 5, 5, 5, 5),
(12952, 'SHAH LATIF EXPRESS', '2022-05-16', 5, 5, 5, 5, 5, 5),
(12952, 'SHAH LATIF EXPRESS', '2022-05-17', 5, 5, 5, 5, 5, 5),
(12952, 'SHAH LATIF EXPRESS', '2022-05-18', 5, 5, 5, 5, 5, 5),
(12952, 'SHAH LATIF EXPRESS', '2022-05-19', 5, 5, 5, 5, 5, 5),
(12952, 'SHAH LATIF EXPRESS', '2022-05-20', 5, 5, 5, 5, 5, 5),
(12952, 'SHAH LATIF EXPRESS', '2022-05-21', 5, 5, 5, 5, 5, 5),
(12952, 'SHAH LATIF EXPRESS', '2022-05-22', 5, 5, 5, 5, 5, 5),
(12952, 'SHAH LATIF EXPRESS', '2022-05-23', 5, 5, 5, 5, 5, 5),
(12952, 'SHAH LATIF EXPRESS', '2022-05-24', 5, 5, 5, 5, 5, 5),
(12952, 'SHAH LATIF EXPRESS', '2022-05-25', 5, 5, 5, 5, 5, 5),
(12952, 'SHAH LATIF EXPRESS', '2022-05-26', 5, 5, 5, 5, 5, 5),
(12952, 'SHAH LATIF EXPRESS', '2022-05-27', 5, 5, 5, 5, 5, 5),
(12952, 'SHAH LATIF EXPRESS', '2022-05-28', 5, 5, 5, 5, 5, 5),
(12952, 'SHAH LATIF EXPRESS', '2022-05-29', 5, 5, 5, 5, 5, 5),
(12952, 'SHAH LATIF EXPRESS', '2022-05-30', 5, 5, 5, 5, 5, 5),
(12952, 'SHAH LATIF EXPRESS', '2022-05-31', 5, 5, 5, 5, 5, 5),
(12952, 'SHAH LATIF EXPRESS', '2022-06-01', 5, 5, 5, 5, 5, 5),
(12952, 'SHAH LATIF EXPRESS', '2022-06-02', 5, 5, 5, 5, 5, 5),
(12952, 'SHAH LATIF EXPRESS', '2022-06-03', 5, 5, 5, 5, 5, 5),
(12952, 'SHAH LATIF EXPRESS', '2022-06-04', 5, 5, 5, 5, 5, 5),
(12952, 'SHAH LATIF EXPRESS', '2022-06-05', 5, 5, 5, 5, 5, 5),
(12952, 'SHAH LATIF EXPRESS', '2022-06-06', 5, 5, 5, 5, 5, 5),
(12952, 'SHAH LATIF EXPRESS', '2022-06-07', 5, 5, 5, 5, 5, 5),
(12952, 'SHAH LATIF EXPRESS', '2022-06-08', 5, 5, 5, 5, 5, 5),
(12952, 'SHAH LATIF EXPRESS', '2022-06-09', 5, 5, 5, 5, 5, 5),
(12952, 'SHAH LATIF EXPRESS', '2022-06-10', 5, 5, 5, 5, 5, 5),
(12952, 'SHAH LATIF EXPRESS', '2022-06-11', 5, 5, 5, 5, 5, 5),
(12952, 'SHAH LATIF EXPRESS', '2022-06-12', 5, 5, 5, 5, 5, 5),
(12952, 'SHAH LATIF EXPRESS', '2022-06-13', 5, 5, 5, 5, 5, 5),
(12952, 'SHAH LATIF EXPRESS', '2022-06-14', 5, 5, 5, 5, 5, 5),
(12952, 'SHAH LATIF EXPRESS', '2022-06-15', 5, 5, 5, 5, 5, 5),
(12952, 'SHAH LATIF EXPRESS', '2022-06-16', 5, 5, 5, 5, 5, 5),
(12952, 'SHAH LATIF EXPRESS', '2022-06-17', 5, 5, 5, 5, 5, 5),
(12952, 'SHAH LATIF EXPRESS', '2022-06-18', 5, 5, 5, 5, 5, 5),
(12952, 'SHAH LATIF EXPRESS', '2022-06-19', 5, 5, 5, 5, 5, 5),
(12952, 'SHAH LATIF EXPRESS', '2022-06-20', 5, 5, 5, 5, 5, 5),
(12952, 'SHAH LATIF EXPRESS', '2022-06-21', 5, 5, 5, 5, 5, 5),
(12952, 'SHAH LATIF EXPRESS', '2022-06-22', 5, 5, 5, 5, 5, 5),
(12952, 'SHAH LATIF EXPRESS', '2022-06-23', 5, 5, 5, 5, 5, 5),
(12952, 'SHAH LATIF EXPRESS', '2022-06-24', 5, 5, 5, 5, 5, 5),
(12952, 'SHAH LATIF EXPRESS', '2022-06-25', 5, 5, 5, 5, 5, 5),
(12952, 'SHAH LATIF EXPRESS', '2022-06-26', 5, 5, 5, 5, 5, 5),
(12952, 'SHAH LATIF EXPRESS', '2022-06-27', 5, 5, 5, 5, 5, 5),
(12952, 'SHAH LATIF EXPRESS', '2022-06-28', 5, 5, 5, 5, 5, 5),
(12952, 'SHAH LATIF EXPRESS', '2022-06-29', 5, 5, 5, 5, 5, 5),
(12952, 'SHAH LATIF EXPRESS', '2022-06-30', 5, 5, 5, 5, 5, 5),
(12952, 'SHAH LATIF EXPRESS', '2022-07-01', 5, 5, 5, 5, 5, 5),
(12952, 'SHAH LATIF EXPRESS', '2022-07-02', 5, 5, 5, 5, 5, 5),
(12952, 'SHAH LATIF EXPRESS', '2022-07-03', 5, 5, 5, 5, 5, 5),
(12952, 'SHAH LATIF EXPRESS', '2022-07-04', 5, 5, 5, 5, 5, 5),
(12952, 'SHAH LATIF EXPRESS', '2022-07-05', 5, 5, 5, 5, 5, 5),
(12952, 'SHAH LATIF EXPRESS', '2022-07-06', 5, 5, 5, 5, 5, 5),
(12952, 'SHAH LATIF EXPRESS', '2022-07-07', 5, 5, 5, 5, 5, 5),
(12952, 'SHAH LATIF EXPRESS', '2022-07-08', 5, 5, 5, 5, 5, 5),
(19011, 'QUAID EXPRESS', '2022-04-10', 5, 5, 5, 5, 5, 5),
(19011, 'QUAID EXPRESS', '2022-04-11', 5, 5, 5, 5, 5, 5),
(19011, 'QUAID EXPRESS', '2022-04-12', 5, 5, 5, 5, 5, 5),
(19011, 'QUAID EXPRESS', '2022-04-13', 5, 5, 5, 5, 5, 5),
(19011, 'QUAID EXPRESS', '2022-04-14', 5, 5, 5, 5, 5, 5),
(19011, 'QUAID EXPRESS', '2022-04-15', 5, 5, 5, 5, 5, 5),
(19011, 'QUAID EXPRESS', '2022-04-16', 5, 5, 5, 5, 5, 5),
(19011, 'QUAID EXPRESS', '2022-04-17', 5, 5, 5, 5, 5, 5),
(19011, 'QUAID EXPRESS', '2022-04-18', 5, 5, 5, 5, 5, 5),
(19011, 'QUAID EXPRESS', '2022-04-19', 5, 5, 5, 5, 5, 5),
(19011, 'QUAID EXPRESS', '2022-04-20', 5, 5, 5, 5, 5, 5),
(19011, 'QUAID EXPRESS', '2022-04-21', 5, 5, 5, 5, 5, 5),
(19011, 'QUAID EXPRESS', '2022-04-22', 5, 5, 5, 5, 5, 5),
(19011, 'QUAID EXPRESS', '2022-04-23', 5, 5, 5, 5, 5, 5),
(19011, 'QUAID EXPRESS', '2022-04-24', 5, 5, 5, 5, 5, 5),
(19011, 'QUAID EXPRESS', '2022-04-25', 5, 5, 5, 5, 5, 5),
(19011, 'QUAID EXPRESS', '2022-04-26', 5, 5, 5, 5, 5, 5),
(19011, 'QUAID EXPRESS', '2022-04-27', 5, 5, 5, 5, 5, 5),
(19011, 'QUAID EXPRESS', '2022-04-28', 5, 5, 5, 5, 5, 5),
(19011, 'QUAID EXPRESS', '2022-04-29', 5, 5, 5, 5, 5, 5),
(19011, 'QUAID EXPRESS', '2022-04-30', 4, 5, 5, 5, 5, 5),
(19011, 'QUAID EXPRESS', '2022-05-01', 5, 5, 5, 5, 5, 5),
(19011, 'QUAID EXPRESS', '2022-05-02', 5, 5, 5, 5, 5, 5),
(19011, 'QUAID EXPRESS', '2022-05-03', 5, 5, 5, 5, 5, 5),
(19011, 'QUAID EXPRESS', '2022-05-04', 5, 5, 5, 5, 5, 5),
(19011, 'QUAID EXPRESS', '2022-05-05', 5, 5, 5, 5, 5, 5),
(19011, 'QUAID EXPRESS', '2022-05-06', 5, 5, 5, 5, 5, 5),
(19011, 'QUAID EXPRESS', '2022-05-07', 5, 5, 5, 5, 5, 5),
(19011, 'QUAID EXPRESS', '2022-05-08', 5, 5, 5, 5, 5, 5),
(19011, 'QUAID EXPRESS', '2022-05-09', 5, 5, 5, 5, 5, 5),
(19011, 'QUAID EXPRESS', '2022-05-10', 5, 5, 5, 5, 5, 5),
(19011, 'QUAID EXPRESS', '2022-05-11', 5, 5, 5, 5, 5, 5),
(19011, 'QUAID EXPRESS', '2022-05-12', 5, 5, 5, 5, 5, 5),
(19011, 'QUAID EXPRESS', '2022-05-13', 5, 5, 5, 5, 5, 5),
(19011, 'QUAID EXPRESS', '2022-05-14', 5, 5, 5, 5, 5, 5),
(19011, 'QUAID EXPRESS', '2022-05-15', 5, 5, 5, 5, 5, 5),
(19011, 'QUAID EXPRESS', '2022-05-16', 5, 5, 5, 5, 5, 5),
(19011, 'QUAID EXPRESS', '2022-05-17', 5, 5, 5, 5, 5, 5),
(19011, 'QUAID EXPRESS', '2022-05-18', 5, 5, 5, 5, 5, 5),
(19011, 'QUAID EXPRESS', '2022-05-19', 5, 5, 5, 5, 5, 5),
(19011, 'QUAID EXPRESS', '2022-05-20', 5, 5, 5, 5, 5, 5),
(19011, 'QUAID EXPRESS', '2022-05-21', 5, 5, 5, 5, 5, 5),
(19011, 'QUAID EXPRESS', '2022-05-22', 5, 5, 5, 5, 5, 5),
(19011, 'QUAID EXPRESS', '2022-05-23', 5, 5, 5, 5, 5, 5),
(19011, 'QUAID EXPRESS', '2022-05-24', 5, 5, 5, 5, 5, 5),
(19011, 'QUAID EXPRESS', '2022-05-25', 5, 5, 5, 5, 5, 5),
(19011, 'QUAID EXPRESS', '2022-05-26', 5, 5, 5, 5, 5, 5),
(19011, 'QUAID EXPRESS', '2022-05-27', 5, 5, 5, 5, 5, 5),
(19011, 'QUAID EXPRESS', '2022-05-28', 5, 5, 5, 5, 5, 5),
(19011, 'QUAID EXPRESS', '2022-05-29', 5, 5, 5, 5, 5, 5),
(19011, 'QUAID EXPRESS', '2022-05-30', 5, 5, 5, 5, 5, 5),
(19011, 'QUAID EXPRESS', '2022-05-31', 5, 5, 5, 5, 5, 5),
(19011, 'QUAID EXPRESS', '2022-06-01', 5, 5, 5, 5, 5, 5),
(19011, 'QUAID EXPRESS', '2022-06-02', 5, 5, 5, 5, 5, 5),
(19011, 'QUAID EXPRESS', '2022-06-03', 5, 5, 5, 5, 5, 5),
(19011, 'QUAID EXPRESS', '2022-06-04', 5, 5, 5, 5, 5, 5),
(19011, 'QUAID EXPRESS', '2022-06-05', 5, 5, 5, 5, 5, 5),
(19011, 'QUAID EXPRESS', '2022-06-06', 5, 5, 5, 5, 5, 5),
(19011, 'QUAID EXPRESS', '2022-06-07', 5, 5, 5, 5, 5, 5),
(19011, 'QUAID EXPRESS', '2022-06-08', 5, 5, 5, 5, 5, 5),
(19011, 'QUAID EXPRESS', '2022-06-09', 5, 5, 5, 5, 5, 5),
(19011, 'QUAID EXPRESS', '2022-06-10', 5, 5, 5, 5, 5, 5),
(19011, 'QUAID EXPRESS', '2022-06-11', 5, 5, 5, 5, 5, 5),
(19011, 'QUAID EXPRESS', '2022-06-12', 5, 5, 5, 5, 5, 5),
(19011, 'QUAID EXPRESS', '2022-06-13', 5, 5, 5, 5, 5, 5),
(19011, 'QUAID EXPRESS', '2022-06-14', 5, 5, 5, 5, 5, 5),
(19011, 'QUAID EXPRESS', '2022-06-15', 5, 5, 5, 5, 5, 5),
(19011, 'QUAID EXPRESS', '2022-06-16', 5, 5, 5, 5, 5, 5),
(19011, 'QUAID EXPRESS', '2022-06-17', 5, 5, 5, 5, 5, 5),
(19011, 'QUAID EXPRESS', '2022-06-18', 5, 5, 5, 5, 5, 5),
(19011, 'QUAID EXPRESS', '2022-06-19', 5, 5, 5, 5, 5, 5),
(19011, 'QUAID EXPRESS', '2022-06-20', 5, 5, 5, 5, 5, 5),
(19011, 'QUAID EXPRESS', '2022-06-21', 5, 5, 5, 5, 5, 5),
(19011, 'QUAID EXPRESS', '2022-06-22', 5, 5, 5, 5, 5, 5),
(19011, 'QUAID EXPRESS', '2022-06-23', 5, 5, 5, 5, 5, 5),
(19011, 'QUAID EXPRESS', '2022-06-24', 5, 5, 5, 5, 5, 5),
(19011, 'QUAID EXPRESS', '2022-06-25', 5, 5, 5, 5, 5, 5),
(19011, 'QUAID EXPRESS', '2022-06-26', 5, 5, 5, 5, 5, 5),
(19011, 'QUAID EXPRESS', '2022-06-27', 5, 5, 5, 5, 5, 5),
(19011, 'QUAID EXPRESS', '2022-06-28', 5, 5, 5, 5, 5, 5),
(19011, 'QUAID EXPRESS', '2022-06-29', 5, 5, 5, 5, 5, 5),
(19011, 'QUAID EXPRESS', '2022-06-30', 5, 5, 5, 5, 5, 5),
(19011, 'QUAID EXPRESS', '2022-07-01', 5, 5, 5, 5, 5, 5),
(19011, 'QUAID EXPRESS', '2022-07-02', 5, 5, 5, 5, 5, 5),
(19011, 'QUAID EXPRESS', '2022-07-03', 5, 5, 5, 5, 5, 5),
(19011, 'QUAID EXPRESS', '2022-07-04', 5, 5, 5, 5, 5, 5),
(19011, 'QUAID EXPRESS', '2022-07-05', 5, 5, 5, 5, 5, 5),
(19011, 'QUAID EXPRESS', '2022-07-06', 5, 5, 5, 5, 5, 5),
(19011, 'QUAID EXPRESS', '2022-07-07', 5, 5, 5, 5, 5, 5),
(19011, 'QUAID EXPRESS', '2022-07-08', 5, 5, 5, 5, 5, 5),
(22210, 'PINDI EXPRESS', '2022-04-10', 5, 5, 5, 5, 5, 5),
(22210, 'PINDI EXPRESS', '2022-04-11', 5, 5, 5, 5, 5, 5),
(22210, 'PINDI EXPRESS', '2022-04-12', 5, 5, 5, 5, 5, 5),
(22210, 'PINDI EXPRESS', '2022-04-13', 5, 5, 5, 5, 5, 5),
(22210, 'PINDI EXPRESS', '2022-04-14', 5, 5, 5, 5, 5, 5),
(22210, 'PINDI EXPRESS', '2022-04-15', 5, 5, 5, 5, 5, 5),
(22210, 'PINDI EXPRESS', '2022-04-16', 5, 5, 5, 5, 5, 5),
(22210, 'PINDI EXPRESS', '2022-04-17', 5, 5, 5, 5, 5, 5),
(22210, 'PINDI EXPRESS', '2022-04-18', 5, 5, 5, 5, 5, 5),
(22210, 'PINDI EXPRESS', '2022-04-19', 5, 5, 5, 5, 5, 5),
(22210, 'PINDI EXPRESS', '2022-04-20', 5, 5, 5, 5, 5, 5),
(22210, 'PINDI EXPRESS', '2022-04-21', 5, 5, 5, 5, 5, 5),
(22210, 'PINDI EXPRESS', '2022-04-22', 5, 5, 5, 5, 5, 5),
(22210, 'PINDI EXPRESS', '2022-04-23', 5, 5, 5, 5, 5, 5),
(22210, 'PINDI EXPRESS', '2022-04-24', 5, 5, 5, 5, 5, 5),
(22210, 'PINDI EXPRESS', '2022-04-25', 5, 5, 5, 5, 5, 5),
(22210, 'PINDI EXPRESS', '2022-04-26', 5, 5, 5, 5, 5, 5),
(22210, 'PINDI EXPRESS', '2022-04-27', 5, 5, 5, 5, 5, 5),
(22210, 'PINDI EXPRESS', '2022-04-28', 5, 5, 5, 5, 5, 5),
(22210, 'PINDI EXPRESS', '2022-04-29', 5, 5, 5, 5, 5, 5),
(22210, 'PINDI EXPRESS', '2022-04-30', 5, 5, 5, 5, 5, 5),
(22210, 'PINDI EXPRESS', '2022-05-01', 5, 5, 5, 5, 5, 5),
(22210, 'PINDI EXPRESS', '2022-05-02', 5, 5, 5, 5, 5, 5),
(22210, 'PINDI EXPRESS', '2022-05-03', 5, 5, 5, 5, 5, 5),
(22210, 'PINDI EXPRESS', '2022-05-04', 5, 5, 5, 5, 5, 5),
(22210, 'PINDI EXPRESS', '2022-05-05', 5, 5, 5, 5, 5, 5),
(22210, 'PINDI EXPRESS', '2022-05-06', 5, 5, 5, 5, 5, 5),
(22210, 'PINDI EXPRESS', '2022-05-07', 5, 5, 5, 5, 5, 5),
(22210, 'PINDI EXPRESS', '2022-05-08', 5, 5, 5, 5, 5, 5),
(22210, 'PINDI EXPRESS', '2022-05-09', 5, 5, 5, 5, 5, 5),
(22210, 'PINDI EXPRESS', '2022-05-10', 5, 5, 5, 5, 5, 5),
(22210, 'PINDI EXPRESS', '2022-05-11', 5, 5, 5, 5, 5, 5),
(22210, 'PINDI EXPRESS', '2022-05-12', 5, 5, 5, 5, 5, 5),
(22210, 'PINDI EXPRESS', '2022-05-13', 5, 5, 5, 5, 5, 5),
(22210, 'PINDI EXPRESS', '2022-05-14', 5, 5, 5, 5, 5, 5),
(22210, 'PINDI EXPRESS', '2022-05-15', 5, 5, 5, 5, 5, 5),
(22210, 'PINDI EXPRESS', '2022-05-16', 5, 5, 5, 5, 5, 5),
(22210, 'PINDI EXPRESS', '2022-05-17', 5, 5, 5, 5, 5, 5),
(22210, 'PINDI EXPRESS', '2022-05-18', 5, 5, 5, 5, 5, 5),
(22210, 'PINDI EXPRESS', '2022-05-19', 5, 5, 5, 5, 5, 5),
(22210, 'PINDI EXPRESS', '2022-05-20', 5, 5, 5, 5, 5, 5),
(22210, 'PINDI EXPRESS', '2022-05-21', 5, 5, 5, 5, 5, 5),
(22210, 'PINDI EXPRESS', '2022-05-22', 5, 5, 5, 5, 5, 5),
(22210, 'PINDI EXPRESS', '2022-05-23', 5, 5, 5, 5, 5, 5),
(22210, 'PINDI EXPRESS', '2022-05-24', 5, 5, 5, 5, 5, 5),
(22210, 'PINDI EXPRESS', '2022-05-25', 5, 5, 5, 5, 5, 5),
(22210, 'PINDI EXPRESS', '2022-05-26', 5, 5, 5, 5, 5, 5),
(22210, 'PINDI EXPRESS', '2022-05-27', 5, 5, 5, 5, 5, 5),
(22210, 'PINDI EXPRESS', '2022-05-28', 5, 5, 5, 5, 5, 5),
(22210, 'PINDI EXPRESS', '2022-05-29', 5, 5, 5, 5, 5, 5),
(22210, 'PINDI EXPRESS', '2022-05-30', 5, 5, 5, 5, 5, 5),
(22210, 'PINDI EXPRESS', '2022-05-31', 5, 5, 5, 5, 5, 5),
(22210, 'PINDI EXPRESS', '2022-06-01', 5, 5, 5, 5, 5, 5),
(22210, 'PINDI EXPRESS', '2022-06-02', 5, 5, 5, 5, 5, 5),
(22210, 'PINDI EXPRESS', '2022-06-03', 5, 5, 5, 5, 5, 5),
(22210, 'PINDI EXPRESS', '2022-06-04', 5, 5, 5, 5, 5, 5),
(22210, 'PINDI EXPRESS', '2022-06-05', 5, 5, 5, 5, 5, 5),
(22210, 'PINDI EXPRESS', '2022-06-06', 5, 5, 5, 5, 5, 5),
(22210, 'PINDI EXPRESS', '2022-06-07', 5, 5, 5, 5, 5, 5),
(22210, 'PINDI EXPRESS', '2022-06-08', 5, 5, 5, 5, 5, 5),
(22210, 'PINDI EXPRESS', '2022-06-09', 5, 5, 5, 5, 5, 5),
(22210, 'PINDI EXPRESS', '2022-06-10', 5, 5, 5, 5, 5, 5),
(22210, 'PINDI EXPRESS', '2022-06-11', 5, 5, 5, 5, 5, 5),
(22210, 'PINDI EXPRESS', '2022-06-12', 5, 5, 5, 5, 5, 5),
(22210, 'PINDI EXPRESS', '2022-06-13', 5, 5, 5, 5, 5, 5),
(22210, 'PINDI EXPRESS', '2022-06-14', 5, 5, 5, 5, 5, 5),
(22210, 'PINDI EXPRESS', '2022-06-15', 5, 5, 5, 5, 5, 5),
(22210, 'PINDI EXPRESS', '2022-06-16', 5, 5, 5, 5, 5, 5),
(22210, 'PINDI EXPRESS', '2022-06-17', 5, 5, 5, 5, 5, 5),
(22210, 'PINDI EXPRESS', '2022-06-18', 5, 5, 5, 5, 5, 5),
(22210, 'PINDI EXPRESS', '2022-06-19', 5, 5, 5, 5, 5, 5),
(22210, 'PINDI EXPRESS', '2022-06-20', 5, 5, 5, 5, 5, 5),
(22210, 'PINDI EXPRESS', '2022-06-21', 5, 5, 5, 5, 5, 5),
(22210, 'PINDI EXPRESS', '2022-06-22', 5, 5, 5, 5, 5, 5),
(22210, 'PINDI EXPRESS', '2022-06-23', 5, 5, 5, 5, 5, 5),
(22210, 'PINDI EXPRESS', '2022-06-24', 5, 5, 5, 5, 5, 5),
(22210, 'PINDI EXPRESS', '2022-06-25', 5, 5, 5, 5, 5, 5),
(22210, 'PINDI EXPRESS', '2022-06-26', 5, 5, 5, 5, 5, 5),
(22210, 'PINDI EXPRESS', '2022-06-27', 5, 5, 5, 5, 5, 5),
(22210, 'PINDI EXPRESS', '2022-06-28', 5, 5, 5, 5, 5, 5),
(22210, 'PINDI EXPRESS', '2022-06-29', 5, 5, 5, 5, 5, 5),
(22210, 'PINDI EXPRESS', '2022-06-30', 5, 5, 5, 5, 5, 5),
(22210, 'PINDI EXPRESS', '2022-07-01', 5, 5, 5, 5, 5, 5),
(22210, 'PINDI EXPRESS', '2022-07-02', 5, 5, 5, 5, 5, 5),
(22210, 'PINDI EXPRESS', '2022-07-03', 5, 5, 5, 5, 5, 5),
(22210, 'PINDI EXPRESS', '2022-07-04', 5, 5, 5, 5, 5, 5),
(22210, 'PINDI EXPRESS', '2022-07-05', 5, 5, 5, 5, 5, 5),
(22210, 'PINDI EXPRESS', '2022-07-06', 5, 5, 5, 5, 5, 5),
(22210, 'PINDI EXPRESS', '2022-07-07', 5, 5, 5, 5, 5, 5),
(22210, 'PINDI EXPRESS', '2022-07-08', 5, 5, 5, 5, 5, 5),
(22220, 'PINDI EXPRESS', '2022-04-10', 5, 5, 5, 5, 5, 5),
(22220, 'PINDI EXPRESS', '2022-04-11', 5, 5, 5, 5, 5, 5),
(22220, 'PINDI EXPRESS', '2022-04-12', 5, 5, 5, 5, 5, 5),
(22220, 'PINDI EXPRESS', '2022-04-13', 5, 5, 5, 5, 5, 5),
(22220, 'PINDI EXPRESS', '2022-04-14', 5, 5, 5, 5, 5, 5),
(22220, 'PINDI EXPRESS', '2022-04-15', 5, 5, 5, 5, 5, 5),
(22220, 'PINDI EXPRESS', '2022-04-16', 5, 5, 5, 5, 5, 5),
(22220, 'PINDI EXPRESS', '2022-04-17', 5, 5, 5, 5, 5, 5),
(22220, 'PINDI EXPRESS', '2022-04-18', 5, 5, 5, 5, 5, 5),
(22220, 'PINDI EXPRESS', '2022-04-19', 5, 5, 5, 5, 5, 5),
(22220, 'PINDI EXPRESS', '2022-04-20', 5, 5, 5, 5, 5, 5),
(22220, 'PINDI EXPRESS', '2022-04-21', 5, 5, 5, 5, 5, 5),
(22220, 'PINDI EXPRESS', '2022-04-22', 5, 5, 5, 5, 5, 5),
(22220, 'PINDI EXPRESS', '2022-04-23', 5, 5, 5, 5, 5, 5),
(22220, 'PINDI EXPRESS', '2022-04-24', 5, 5, 5, 5, 5, 5),
(22220, 'PINDI EXPRESS', '2022-04-25', 5, 5, 5, 5, 5, 5),
(22220, 'PINDI EXPRESS', '2022-04-26', 5, 5, 5, 5, 5, 5),
(22220, 'PINDI EXPRESS', '2022-04-27', 5, 5, 5, 5, 5, 5),
(22220, 'PINDI EXPRESS', '2022-04-28', 5, 5, 5, 5, 5, 5),
(22220, 'PINDI EXPRESS', '2022-04-29', 5, 5, 5, 5, 5, 5),
(22220, 'PINDI EXPRESS', '2022-04-30', 5, 5, 5, 5, 5, 5),
(22220, 'PINDI EXPRESS', '2022-05-01', 5, 5, 5, 5, 5, 5),
(22220, 'PINDI EXPRESS', '2022-05-02', 5, 5, 5, 5, 5, 5),
(22220, 'PINDI EXPRESS', '2022-05-03', 5, 5, 5, 5, 5, 5),
(22220, 'PINDI EXPRESS', '2022-05-04', 5, 5, 5, 5, 5, 5),
(22220, 'PINDI EXPRESS', '2022-05-05', 5, 5, 5, 5, 5, 5),
(22220, 'PINDI EXPRESS', '2022-05-06', 5, 5, 5, 5, 5, 5),
(22220, 'PINDI EXPRESS', '2022-05-07', 5, 5, 5, 5, 5, 5),
(22220, 'PINDI EXPRESS', '2022-05-08', 5, 5, 5, 5, 5, 5),
(22220, 'PINDI EXPRESS', '2022-05-09', 5, 5, 5, 5, 5, 5),
(22220, 'PINDI EXPRESS', '2022-05-10', 5, 5, 5, 5, 5, 5),
(22220, 'PINDI EXPRESS', '2022-05-11', 5, 5, 5, 5, 5, 5),
(22220, 'PINDI EXPRESS', '2022-05-12', 5, 5, 5, 5, 5, 5),
(22220, 'PINDI EXPRESS', '2022-05-13', 5, 5, 5, 5, 5, 5),
(22220, 'PINDI EXPRESS', '2022-05-14', 5, 5, 5, 5, 5, 5),
(22220, 'PINDI EXPRESS', '2022-05-15', 5, 5, 5, 5, 5, 5),
(22220, 'PINDI EXPRESS', '2022-05-16', 5, 5, 5, 5, 5, 5),
(22220, 'PINDI EXPRESS', '2022-05-17', 5, 5, 5, 5, 5, 5),
(22220, 'PINDI EXPRESS', '2022-05-18', 5, 5, 5, 5, 5, 5),
(22220, 'PINDI EXPRESS', '2022-05-19', 5, 5, 5, 5, 5, 5),
(22220, 'PINDI EXPRESS', '2022-05-20', 5, 5, 5, 5, 5, 5),
(22220, 'PINDI EXPRESS', '2022-05-21', 5, 5, 5, 5, 5, 5),
(22220, 'PINDI EXPRESS', '2022-05-22', 5, 5, 5, 5, 5, 5),
(22220, 'PINDI EXPRESS', '2022-05-23', 5, 5, 5, 5, 5, 5),
(22220, 'PINDI EXPRESS', '2022-05-24', 5, 5, 5, 5, 5, 5),
(22220, 'PINDI EXPRESS', '2022-05-25', 5, 5, 5, 5, 5, 5),
(22220, 'PINDI EXPRESS', '2022-05-26', 5, 5, 5, 5, 5, 5),
(22220, 'PINDI EXPRESS', '2022-05-27', 5, 5, 5, 5, 5, 5),
(22220, 'PINDI EXPRESS', '2022-05-28', 5, 5, 5, 5, 5, 5),
(22220, 'PINDI EXPRESS', '2022-05-29', 5, 5, 5, 5, 5, 5),
(22220, 'PINDI EXPRESS', '2022-05-30', 5, 5, 5, 5, 5, 5),
(22220, 'PINDI EXPRESS', '2022-05-31', 5, 5, 5, 5, 5, 5),
(22220, 'PINDI EXPRESS', '2022-06-01', 5, 5, 5, 5, 5, 5),
(22220, 'PINDI EXPRESS', '2022-06-02', 5, 5, 5, 5, 5, 5),
(22220, 'PINDI EXPRESS', '2022-06-03', 5, 5, 5, 5, 5, 5),
(22220, 'PINDI EXPRESS', '2022-06-04', 5, 5, 5, 5, 5, 5),
(22220, 'PINDI EXPRESS', '2022-06-05', 5, 5, 5, 5, 5, 5),
(22220, 'PINDI EXPRESS', '2022-06-06', 5, 5, 5, 5, 5, 5),
(22220, 'PINDI EXPRESS', '2022-06-07', 5, 5, 5, 5, 5, 5),
(22220, 'PINDI EXPRESS', '2022-06-08', 5, 5, 5, 5, 5, 5),
(22220, 'PINDI EXPRESS', '2022-06-09', 5, 5, 5, 5, 5, 5),
(22220, 'PINDI EXPRESS', '2022-06-10', 5, 5, 5, 5, 5, 5),
(22220, 'PINDI EXPRESS', '2022-06-11', 5, 5, 5, 5, 5, 5),
(22220, 'PINDI EXPRESS', '2022-06-12', 5, 5, 5, 5, 5, 5),
(22220, 'PINDI EXPRESS', '2022-06-13', 5, 5, 5, 5, 5, 5),
(22220, 'PINDI EXPRESS', '2022-06-14', 5, 5, 5, 5, 5, 5),
(22220, 'PINDI EXPRESS', '2022-06-15', 5, 5, 5, 5, 5, 5),
(22220, 'PINDI EXPRESS', '2022-06-16', 5, 5, 5, 5, 5, 5),
(22220, 'PINDI EXPRESS', '2022-06-17', 5, 5, 5, 5, 5, 5),
(22220, 'PINDI EXPRESS', '2022-06-18', 5, 5, 5, 5, 5, 5),
(22220, 'PINDI EXPRESS', '2022-06-19', 5, 5, 5, 5, 5, 5),
(22220, 'PINDI EXPRESS', '2022-06-20', 5, 5, 5, 5, 5, 5),
(22220, 'PINDI EXPRESS', '2022-06-21', 5, 5, 5, 5, 5, 5),
(22220, 'PINDI EXPRESS', '2022-06-22', 5, 5, 5, 5, 5, 5),
(22220, 'PINDI EXPRESS', '2022-06-23', 5, 5, 5, 5, 5, 5),
(22220, 'PINDI EXPRESS', '2022-06-24', 5, 5, 5, 5, 5, 5),
(22220, 'PINDI EXPRESS', '2022-06-25', 5, 5, 5, 5, 5, 5),
(22220, 'PINDI EXPRESS', '2022-06-26', 5, 5, 5, 5, 5, 5),
(22220, 'PINDI EXPRESS', '2022-06-27', 5, 5, 5, 5, 5, 5),
(22220, 'PINDI EXPRESS', '2022-06-28', 5, 5, 5, 5, 5, 5),
(22220, 'PINDI EXPRESS', '2022-06-29', 5, 5, 5, 5, 5, 5),
(22220, 'PINDI EXPRESS', '2022-06-30', 5, 5, 5, 5, 5, 5),
(22220, 'PINDI EXPRESS', '2022-07-01', 5, 5, 5, 5, 5, 5),
(22220, 'PINDI EXPRESS', '2022-07-02', 5, 5, 5, 5, 5, 5),
(22220, 'PINDI EXPRESS', '2022-07-03', 5, 5, 5, 5, 5, 5),
(22220, 'PINDI EXPRESS', '2022-07-04', 5, 5, 5, 5, 5, 5),
(22220, 'PINDI EXPRESS', '2022-07-05', 5, 5, 5, 5, 5, 5),
(22220, 'PINDI EXPRESS', '2022-07-06', 5, 5, 5, 5, 5, 5),
(22220, 'PINDI EXPRESS', '2022-07-07', 5, 5, 5, 5, 5, 5),
(22220, 'PINDI EXPRESS', '2022-07-08', 5, 5, 5, 5, 5, 5),
(22222, 'PINDI EXPRESS', '2022-04-10', 5, 5, 5, 5, 5, 5),
(22222, 'PINDI EXPRESS', '2022-04-11', 5, 5, 5, 5, 5, 5),
(22222, 'PINDI EXPRESS', '2022-04-12', 5, 5, 5, 5, 5, 5),
(22222, 'PINDI EXPRESS', '2022-04-13', 5, 5, 5, 5, 5, 5),
(22222, 'PINDI EXPRESS', '2022-04-14', 5, 5, 5, 5, 5, 5),
(22222, 'PINDI EXPRESS', '2022-04-15', 5, 5, 5, 5, 5, 5),
(22222, 'PINDI EXPRESS', '2022-04-16', 5, 5, 5, 5, 5, 5),
(22222, 'PINDI EXPRESS', '2022-04-17', 5, 5, 5, 5, 5, 5),
(22222, 'PINDI EXPRESS', '2022-04-18', 5, 5, 5, 5, 5, 5),
(22222, 'PINDI EXPRESS', '2022-04-19', 5, 5, 5, 5, 5, 5),
(22222, 'PINDI EXPRESS', '2022-04-20', 5, 5, 5, 5, 5, 5),
(22222, 'PINDI EXPRESS', '2022-04-21', 5, 5, 5, 5, 5, 5),
(22222, 'PINDI EXPRESS', '2022-04-22', 5, 5, 5, 5, 5, 5),
(22222, 'PINDI EXPRESS', '2022-04-23', 5, 5, 5, 5, 5, 5),
(22222, 'PINDI EXPRESS', '2022-04-24', 5, 5, 5, 5, 5, 5),
(22222, 'PINDI EXPRESS', '2022-04-25', 5, 5, 5, 5, 5, 5),
(22222, 'PINDI EXPRESS', '2022-04-26', 5, 5, 5, 5, 5, 5),
(22222, 'PINDI EXPRESS', '2022-04-27', 5, 5, 5, 5, 5, 5),
(22222, 'PINDI EXPRESS', '2022-04-28', 5, 5, 5, 5, 5, 5),
(22222, 'PINDI EXPRESS', '2022-04-29', 5, 5, 5, 5, 5, 5),
(22222, 'PINDI EXPRESS', '2022-04-30', 5, 5, 5, 5, 5, 5),
(22222, 'PINDI EXPRESS', '2022-05-01', 5, 5, 5, 5, 5, 5),
(22222, 'PINDI EXPRESS', '2022-05-02', 5, 5, 5, 5, 5, 5),
(22222, 'PINDI EXPRESS', '2022-05-03', 5, 5, 5, 5, 5, 5),
(22222, 'PINDI EXPRESS', '2022-05-04', 5, 5, 5, 5, 5, 5),
(22222, 'PINDI EXPRESS', '2022-05-05', 5, 5, 5, 5, 5, 5),
(22222, 'PINDI EXPRESS', '2022-05-06', 5, 5, 5, 5, 5, 5),
(22222, 'PINDI EXPRESS', '2022-05-07', 5, 5, 5, 5, 5, 5),
(22222, 'PINDI EXPRESS', '2022-05-08', 5, 5, 5, 5, 5, 5),
(22222, 'PINDI EXPRESS', '2022-05-09', 5, 5, 5, 5, 5, 5),
(22222, 'PINDI EXPRESS', '2022-05-10', 5, 5, 5, 5, 5, 5),
(22222, 'PINDI EXPRESS', '2022-05-11', 5, 5, 5, 5, 5, 5),
(22222, 'PINDI EXPRESS', '2022-05-12', 5, 5, 5, 5, 5, 5),
(22222, 'PINDI EXPRESS', '2022-05-13', 5, 5, 5, 5, 5, 5),
(22222, 'PINDI EXPRESS', '2022-05-14', 5, 5, 5, 5, 5, 5),
(22222, 'PINDI EXPRESS', '2022-05-15', 5, 5, 5, 5, 5, 5),
(22222, 'PINDI EXPRESS', '2022-05-16', 5, 5, 5, 5, 5, 5),
(22222, 'PINDI EXPRESS', '2022-05-17', 5, 5, 5, 5, 5, 5),
(22222, 'PINDI EXPRESS', '2022-05-18', 5, 5, 5, 5, 5, 5),
(22222, 'PINDI EXPRESS', '2022-05-19', 5, 5, 5, 5, 5, 5),
(22222, 'PINDI EXPRESS', '2022-05-20', 5, 5, 5, 5, 5, 5),
(22222, 'PINDI EXPRESS', '2022-05-21', 5, 5, 5, 5, 5, 5),
(22222, 'PINDI EXPRESS', '2022-05-22', 5, 5, 5, 5, 5, 5),
(22222, 'PINDI EXPRESS', '2022-05-23', 5, 5, 5, 5, 5, 5),
(22222, 'PINDI EXPRESS', '2022-05-24', 5, 5, 5, 5, 5, 5),
(22222, 'PINDI EXPRESS', '2022-05-25', 5, 5, 5, 5, 5, 5),
(22222, 'PINDI EXPRESS', '2022-05-26', 5, 5, 5, 5, 5, 5),
(22222, 'PINDI EXPRESS', '2022-05-27', 5, 5, 5, 5, 5, 5),
(22222, 'PINDI EXPRESS', '2022-05-28', 5, 5, 5, 5, 5, 5),
(22222, 'PINDI EXPRESS', '2022-05-29', 5, 5, 5, 5, 5, 5),
(22222, 'PINDI EXPRESS', '2022-05-30', 5, 5, 5, 5, 5, 5),
(22222, 'PINDI EXPRESS', '2022-05-31', 5, 5, 5, 5, 5, 5),
(22222, 'PINDI EXPRESS', '2022-06-01', 5, 5, 5, 5, 5, 5),
(22222, 'PINDI EXPRESS', '2022-06-02', 5, 5, 5, 5, 5, 5),
(22222, 'PINDI EXPRESS', '2022-06-03', 5, 5, 5, 5, 5, 5),
(22222, 'PINDI EXPRESS', '2022-06-04', 5, 5, 5, 5, 5, 5),
(22222, 'PINDI EXPRESS', '2022-06-05', 5, 5, 5, 5, 5, 5),
(22222, 'PINDI EXPRESS', '2022-06-06', 5, 5, 5, 5, 5, 5),
(22222, 'PINDI EXPRESS', '2022-06-07', 5, 5, 5, 5, 5, 5),
(22222, 'PINDI EXPRESS', '2022-06-08', 5, 5, 5, 5, 5, 5),
(22222, 'PINDI EXPRESS', '2022-06-09', 5, 5, 5, 5, 5, 5),
(22222, 'PINDI EXPRESS', '2022-06-10', 5, 5, 5, 5, 5, 5),
(22222, 'PINDI EXPRESS', '2022-06-11', 5, 5, 5, 5, 5, 5),
(22222, 'PINDI EXPRESS', '2022-06-12', 5, 5, 5, 5, 5, 5),
(22222, 'PINDI EXPRESS', '2022-06-13', 5, 5, 5, 5, 5, 5),
(22222, 'PINDI EXPRESS', '2022-06-14', 5, 5, 5, 5, 5, 5),
(22222, 'PINDI EXPRESS', '2022-06-15', 5, 5, 5, 5, 5, 5),
(22222, 'PINDI EXPRESS', '2022-06-16', 5, 5, 5, 5, 5, 5),
(22222, 'PINDI EXPRESS', '2022-06-17', 5, 5, 5, 5, 5, 5),
(22222, 'PINDI EXPRESS', '2022-06-18', 5, 5, 5, 5, 5, 5),
(22222, 'PINDI EXPRESS', '2022-06-19', 5, 5, 5, 5, 5, 5),
(22222, 'PINDI EXPRESS', '2022-06-20', 5, 5, 5, 5, 5, 5),
(22222, 'PINDI EXPRESS', '2022-06-21', 5, 5, 5, 5, 5, 5),
(22222, 'PINDI EXPRESS', '2022-06-22', 5, 5, 5, 5, 5, 5),
(22222, 'PINDI EXPRESS', '2022-06-23', 5, 5, 5, 5, 5, 5),
(22222, 'PINDI EXPRESS', '2022-06-24', 5, 5, 5, 5, 5, 5),
(22222, 'PINDI EXPRESS', '2022-06-25', 5, 5, 5, 5, 5, 5),
(22222, 'PINDI EXPRESS', '2022-06-26', 5, 5, 5, 5, 5, 5),
(22222, 'PINDI EXPRESS', '2022-06-27', 5, 5, 5, 5, 5, 5),
(22222, 'PINDI EXPRESS', '2022-06-28', 5, 5, 5, 5, 5, 5),
(22222, 'PINDI EXPRESS', '2022-06-29', 5, 5, 5, 5, 5, 5),
(22222, 'PINDI EXPRESS', '2022-06-30', 5, 5, 5, 5, 5, 5),
(22222, 'PINDI EXPRESS', '2022-07-01', 5, 5, 5, 5, 5, 5),
(22222, 'PINDI EXPRESS', '2022-07-02', 5, 5, 5, 5, 5, 5),
(22222, 'PINDI EXPRESS', '2022-07-03', 5, 5, 5, 5, 5, 5),
(22222, 'PINDI EXPRESS', '2022-07-04', 5, 5, 5, 5, 5, 5),
(22222, 'PINDI EXPRESS', '2022-07-05', 5, 5, 5, 5, 5, 5),
(22222, 'PINDI EXPRESS', '2022-07-06', 5, 5, 5, 5, 5, 5),
(22222, 'PINDI EXPRESS', '2022-07-07', 5, 5, 5, 5, 5, 5),
(22222, 'PINDI EXPRESS', '2022-07-08', 5, 5, 5, 5, 5, 5),
(25222, 'PINDI EXPRESS', '2022-04-10', 5, 5, 5, 5, 5, 5),
(25222, 'PINDI EXPRESS', '2022-04-11', 5, 5, 5, 5, 5, 5),
(25222, 'PINDI EXPRESS', '2022-04-12', 5, 5, 5, 5, 5, 5),
(25222, 'PINDI EXPRESS', '2022-04-13', 5, 5, 5, 5, 5, 5),
(25222, 'PINDI EXPRESS', '2022-04-14', 5, 5, 5, 5, 5, 5),
(25222, 'PINDI EXPRESS', '2022-04-15', 5, 5, 5, 5, 5, 5),
(25222, 'PINDI EXPRESS', '2022-04-16', 5, 5, 5, 5, 5, 5),
(25222, 'PINDI EXPRESS', '2022-04-17', 5, 5, 5, 5, 5, 5),
(25222, 'PINDI EXPRESS', '2022-04-18', 5, 5, 5, 5, 5, 5),
(25222, 'PINDI EXPRESS', '2022-04-19', 5, 5, 5, 5, 5, 5),
(25222, 'PINDI EXPRESS', '2022-04-20', 5, 5, 5, 5, 5, 5),
(25222, 'PINDI EXPRESS', '2022-04-21', 5, 5, 5, 5, 5, 5),
(25222, 'PINDI EXPRESS', '2022-04-22', 5, 5, 5, 5, 5, 5),
(25222, 'PINDI EXPRESS', '2022-04-23', 5, 5, 5, 5, 5, 5),
(25222, 'PINDI EXPRESS', '2022-04-24', 5, 5, 5, 5, 5, 5),
(25222, 'PINDI EXPRESS', '2022-04-25', 5, 5, 5, 5, 5, 5),
(25222, 'PINDI EXPRESS', '2022-04-26', 5, 5, 5, 5, 5, 5),
(25222, 'PINDI EXPRESS', '2022-04-27', 5, 5, 5, 5, 5, 5),
(25222, 'PINDI EXPRESS', '2022-04-28', 5, 5, 5, 5, 5, 5),
(25222, 'PINDI EXPRESS', '2022-04-29', 5, 5, 5, 5, 5, 5),
(25222, 'PINDI EXPRESS', '2022-04-30', 5, 5, 5, 5, 5, 5),
(25222, 'PINDI EXPRESS', '2022-05-01', 5, 5, 5, 5, 5, 5),
(25222, 'PINDI EXPRESS', '2022-05-02', 5, 5, 5, 5, 5, 5),
(25222, 'PINDI EXPRESS', '2022-05-03', 5, 5, 5, 5, 5, 5),
(25222, 'PINDI EXPRESS', '2022-05-04', 5, 5, 5, 5, 5, 5),
(25222, 'PINDI EXPRESS', '2022-05-05', 5, 5, 5, 5, 5, 5),
(25222, 'PINDI EXPRESS', '2022-05-06', 5, 5, 5, 5, 5, 5),
(25222, 'PINDI EXPRESS', '2022-05-07', 5, 5, 5, 5, 5, 5),
(25222, 'PINDI EXPRESS', '2022-05-08', 5, 5, 5, 5, 5, 5),
(25222, 'PINDI EXPRESS', '2022-05-09', 5, 5, 5, 5, 5, 5),
(25222, 'PINDI EXPRESS', '2022-05-10', 5, 5, 5, 5, 5, 5),
(25222, 'PINDI EXPRESS', '2022-05-11', 5, 5, 5, 5, 5, 5),
(25222, 'PINDI EXPRESS', '2022-05-12', 5, 5, 5, 5, 5, 5),
(25222, 'PINDI EXPRESS', '2022-05-13', 5, 5, 5, 5, 5, 5),
(25222, 'PINDI EXPRESS', '2022-05-14', 5, 5, 5, 5, 5, 5),
(25222, 'PINDI EXPRESS', '2022-05-15', 5, 5, 5, 5, 5, 5),
(25222, 'PINDI EXPRESS', '2022-05-16', 5, 5, 5, 5, 5, 5),
(25222, 'PINDI EXPRESS', '2022-05-17', 5, 5, 5, 5, 5, 5),
(25222, 'PINDI EXPRESS', '2022-05-18', 5, 5, 5, 5, 5, 5),
(25222, 'PINDI EXPRESS', '2022-05-19', 5, 5, 5, 5, 5, 5),
(25222, 'PINDI EXPRESS', '2022-05-20', 5, 5, 5, 5, 5, 5),
(25222, 'PINDI EXPRESS', '2022-05-21', 5, 5, 5, 5, 5, 5),
(25222, 'PINDI EXPRESS', '2022-05-22', 5, 5, 5, 5, 5, 5),
(25222, 'PINDI EXPRESS', '2022-05-23', 5, 5, 5, 5, 5, 5),
(25222, 'PINDI EXPRESS', '2022-05-24', 5, 5, 5, 5, 5, 5),
(25222, 'PINDI EXPRESS', '2022-05-25', 5, 5, 5, 5, 5, 5),
(25222, 'PINDI EXPRESS', '2022-05-26', 5, 5, 5, 5, 5, 5),
(25222, 'PINDI EXPRESS', '2022-05-27', 5, 5, 5, 5, 5, 5),
(25222, 'PINDI EXPRESS', '2022-05-28', 5, 5, 5, 5, 5, 5),
(25222, 'PINDI EXPRESS', '2022-05-29', 5, 5, 5, 5, 5, 5),
(25222, 'PINDI EXPRESS', '2022-05-30', 5, 5, 5, 5, 5, 5),
(25222, 'PINDI EXPRESS', '2022-05-31', 5, 5, 5, 5, 5, 5),
(25222, 'PINDI EXPRESS', '2022-06-01', 5, 5, 5, 5, 5, 5),
(25222, 'PINDI EXPRESS', '2022-06-02', 5, 5, 5, 5, 5, 5),
(25222, 'PINDI EXPRESS', '2022-06-03', 5, 5, 5, 5, 5, 5),
(25222, 'PINDI EXPRESS', '2022-06-04', 5, 5, 5, 5, 5, 5),
(25222, 'PINDI EXPRESS', '2022-06-05', 5, 5, 5, 5, 5, 5),
(25222, 'PINDI EXPRESS', '2022-06-06', 5, 5, 5, 5, 5, 5),
(25222, 'PINDI EXPRESS', '2022-06-07', 5, 5, 5, 5, 5, 5),
(25222, 'PINDI EXPRESS', '2022-06-08', 5, 5, 5, 5, 5, 5),
(25222, 'PINDI EXPRESS', '2022-06-09', 5, 5, 5, 5, 5, 5),
(25222, 'PINDI EXPRESS', '2022-06-10', 5, 5, 5, 5, 5, 5),
(25222, 'PINDI EXPRESS', '2022-06-11', 5, 5, 5, 5, 5, 5),
(25222, 'PINDI EXPRESS', '2022-06-12', 5, 5, 5, 5, 5, 5),
(25222, 'PINDI EXPRESS', '2022-06-13', 5, 5, 5, 5, 5, 5),
(25222, 'PINDI EXPRESS', '2022-06-14', 5, 5, 5, 5, 5, 5),
(25222, 'PINDI EXPRESS', '2022-06-15', 5, 5, 5, 5, 5, 5),
(25222, 'PINDI EXPRESS', '2022-06-16', 5, 5, 5, 5, 5, 5),
(25222, 'PINDI EXPRESS', '2022-06-17', 5, 5, 5, 5, 5, 5),
(25222, 'PINDI EXPRESS', '2022-06-18', 5, 5, 5, 5, 5, 5),
(25222, 'PINDI EXPRESS', '2022-06-19', 5, 5, 5, 5, 5, 5),
(25222, 'PINDI EXPRESS', '2022-06-20', 5, 5, 5, 5, 5, 5),
(25222, 'PINDI EXPRESS', '2022-06-21', 5, 5, 5, 5, 5, 5),
(25222, 'PINDI EXPRESS', '2022-06-22', 5, 5, 5, 5, 5, 5),
(25222, 'PINDI EXPRESS', '2022-06-23', 5, 5, 5, 5, 5, 5),
(25222, 'PINDI EXPRESS', '2022-06-24', 5, 5, 5, 5, 5, 5),
(25222, 'PINDI EXPRESS', '2022-06-25', 5, 5, 5, 5, 5, 5),
(25222, 'PINDI EXPRESS', '2022-06-26', 5, 5, 5, 5, 5, 5),
(25222, 'PINDI EXPRESS', '2022-06-27', 5, 5, 5, 5, 5, 5),
(25222, 'PINDI EXPRESS', '2022-06-28', 5, 5, 5, 5, 5, 5),
(25222, 'PINDI EXPRESS', '2022-06-29', 5, 5, 5, 5, 5, 5),
(25222, 'PINDI EXPRESS', '2022-06-30', 5, 5, 5, 5, 5, 5),
(25222, 'PINDI EXPRESS', '2022-07-01', 5, 5, 5, 5, 5, 5),
(25222, 'PINDI EXPRESS', '2022-07-02', 5, 5, 5, 5, 5, 5),
(25222, 'PINDI EXPRESS', '2022-07-03', 5, 5, 5, 5, 5, 5),
(25222, 'PINDI EXPRESS', '2022-07-04', 5, 5, 5, 5, 5, 5),
(25222, 'PINDI EXPRESS', '2022-07-05', 5, 5, 5, 5, 5, 5),
(25222, 'PINDI EXPRESS', '2022-07-06', 5, 5, 5, 5, 5, 5),
(25222, 'PINDI EXPRESS', '2022-07-07', 5, 5, 5, 5, 5, 5),
(25222, 'PINDI EXPRESS', '2022-07-08', 5, 5, 5, 5, 5, 5),
(29333, 'PAK EXPRESS', '2022-04-10', 5, 5, 5, 5, 5, 5),
(29333, 'PAK EXPRESS', '2022-04-11', 5, 5, 5, 5, 5, 5),
(29333, 'PAK EXPRESS', '2022-04-12', 5, 5, 5, 5, 5, 5),
(29333, 'PAK EXPRESS', '2022-04-13', 5, 5, 5, 5, 5, 5),
(29333, 'PAK EXPRESS', '2022-04-14', 5, 5, 5, 5, 5, 5),
(29333, 'PAK EXPRESS', '2022-04-15', 5, 5, 5, 5, 5, 5),
(29333, 'PAK EXPRESS', '2022-04-16', 5, 5, 5, 5, 5, 5),
(29333, 'PAK EXPRESS', '2022-04-17', 5, 5, 5, 5, 5, 5),
(29333, 'PAK EXPRESS', '2022-04-18', 5, 5, 5, 5, 5, 5),
(29333, 'PAK EXPRESS', '2022-04-19', 5, 5, 5, 5, 5, 5),
(29333, 'PAK EXPRESS', '2022-04-20', 5, 5, 5, 5, 5, 5),
(29333, 'PAK EXPRESS', '2022-04-21', 5, 5, 5, 5, 5, 5),
(29333, 'PAK EXPRESS', '2022-04-22', 5, 5, 5, 5, 5, 5),
(29333, 'PAK EXPRESS', '2022-04-23', 5, 5, 5, 5, 5, 5),
(29333, 'PAK EXPRESS', '2022-04-24', 5, 5, 5, 5, 5, 5),
(29333, 'PAK EXPRESS', '2022-04-25', 5, 5, 5, 5, 5, 5),
(29333, 'PAK EXPRESS', '2022-04-26', 5, 5, 5, 5, 5, 5),
(29333, 'PAK EXPRESS', '2022-04-27', 5, 5, 5, 5, 5, 5),
(29333, 'PAK EXPRESS', '2022-04-28', 5, 5, 5, 5, 5, 5),
(29333, 'PAK EXPRESS', '2022-04-29', 5, 5, 5, 5, 5, 5),
(29333, 'PAK EXPRESS', '2022-04-30', 5, 5, 5, 5, 5, 5),
(29333, 'PAK EXPRESS', '2022-05-01', 5, 5, 5, 5, 5, 5),
(29333, 'PAK EXPRESS', '2022-05-02', 5, 5, 5, 5, 5, 5),
(29333, 'PAK EXPRESS', '2022-05-03', 5, 5, 5, 5, 5, 5),
(29333, 'PAK EXPRESS', '2022-05-04', 5, 5, 5, 5, 5, 5),
(29333, 'PAK EXPRESS', '2022-05-05', 5, 5, 5, 5, 5, 5),
(29333, 'PAK EXPRESS', '2022-05-06', 5, 5, 5, 5, 5, 5),
(29333, 'PAK EXPRESS', '2022-05-07', 5, 5, 5, 5, 5, 5),
(29333, 'PAK EXPRESS', '2022-05-08', 5, 5, 5, 5, 5, 5),
(29333, 'PAK EXPRESS', '2022-05-09', 5, 5, 5, 5, 5, 5),
(29333, 'PAK EXPRESS', '2022-05-10', 5, 5, 5, 5, 5, 5),
(29333, 'PAK EXPRESS', '2022-05-11', 5, 5, 5, 5, 5, 5),
(29333, 'PAK EXPRESS', '2022-05-12', 5, 5, 5, 5, 5, 5),
(29333, 'PAK EXPRESS', '2022-05-13', 5, 5, 5, 5, 5, 5),
(29333, 'PAK EXPRESS', '2022-05-14', 5, 5, 5, 5, 5, 5),
(29333, 'PAK EXPRESS', '2022-05-15', 5, 5, 5, 5, 5, 5),
(29333, 'PAK EXPRESS', '2022-05-16', 5, 5, 5, 5, 5, 5),
(29333, 'PAK EXPRESS', '2022-05-17', 5, 5, 5, 5, 5, 5),
(29333, 'PAK EXPRESS', '2022-05-18', 5, 5, 5, 5, 5, 5),
(29333, 'PAK EXPRESS', '2022-05-19', 5, 5, 5, 5, 5, 5),
(29333, 'PAK EXPRESS', '2022-05-20', 5, 5, 5, 5, 5, 5),
(29333, 'PAK EXPRESS', '2022-05-21', 5, 5, 5, 5, 5, 5),
(29333, 'PAK EXPRESS', '2022-05-22', 5, 5, 5, 5, 5, 5),
(29333, 'PAK EXPRESS', '2022-05-23', 5, 5, 5, 5, 5, 5),
(29333, 'PAK EXPRESS', '2022-05-24', 5, 5, 5, 5, 5, 5),
(29333, 'PAK EXPRESS', '2022-05-25', 5, 5, 5, 5, 5, 5),
(29333, 'PAK EXPRESS', '2022-05-26', 5, 5, 5, 5, 5, 5),
(29333, 'PAK EXPRESS', '2022-05-27', 5, 5, 5, 5, 5, 5),
(29333, 'PAK EXPRESS', '2022-05-28', 5, 5, 5, 5, 5, 5),
(29333, 'PAK EXPRESS', '2022-05-29', 5, 5, 5, 5, 5, 5),
(29333, 'PAK EXPRESS', '2022-05-30', 5, 5, 5, 5, 5, 5),
(29333, 'PAK EXPRESS', '2022-05-31', 5, 5, 5, 5, 5, 5),
(29333, 'PAK EXPRESS', '2022-06-01', 5, 5, 5, 5, 5, 5),
(29333, 'PAK EXPRESS', '2022-06-02', 5, 5, 5, 5, 5, 5),
(29333, 'PAK EXPRESS', '2022-06-03', 5, 5, 5, 5, 5, 5),
(29333, 'PAK EXPRESS', '2022-06-04', 5, 5, 5, 5, 5, 5),
(29333, 'PAK EXPRESS', '2022-06-05', 5, 5, 5, 5, 5, 5),
(29333, 'PAK EXPRESS', '2022-06-06', 5, 5, 5, 5, 5, 5),
(29333, 'PAK EXPRESS', '2022-06-07', 5, 5, 5, 5, 5, 5),
(29333, 'PAK EXPRESS', '2022-06-08', 5, 5, 5, 5, 5, 5),
(29333, 'PAK EXPRESS', '2022-06-09', 5, 5, 5, 5, 5, 5),
(29333, 'PAK EXPRESS', '2022-06-10', 5, 5, 5, 5, 5, 5),
(29333, 'PAK EXPRESS', '2022-06-11', 5, 5, 5, 5, 5, 5),
(29333, 'PAK EXPRESS', '2022-06-12', 5, 5, 5, 5, 5, 5),
(29333, 'PAK EXPRESS', '2022-06-13', 5, 5, 5, 5, 5, 5),
(29333, 'PAK EXPRESS', '2022-06-14', 5, 5, 5, 5, 5, 5),
(29333, 'PAK EXPRESS', '2022-06-15', 5, 5, 5, 5, 5, 5),
(29333, 'PAK EXPRESS', '2022-06-16', 5, 5, 5, 5, 5, 5),
(29333, 'PAK EXPRESS', '2022-06-17', 5, 5, 5, 5, 5, 5),
(29333, 'PAK EXPRESS', '2022-06-18', 5, 5, 5, 5, 5, 5),
(29333, 'PAK EXPRESS', '2022-06-19', 5, 5, 5, 5, 5, 5),
(29333, 'PAK EXPRESS', '2022-06-20', 5, 5, 5, 5, 5, 5),
(29333, 'PAK EXPRESS', '2022-06-21', 5, 5, 5, 5, 5, 5),
(29333, 'PAK EXPRESS', '2022-06-22', 5, 5, 5, 5, 5, 5),
(29333, 'PAK EXPRESS', '2022-06-23', 5, 5, 5, 5, 5, 5),
(29333, 'PAK EXPRESS', '2022-06-24', 5, 5, 5, 5, 5, 5),
(29333, 'PAK EXPRESS', '2022-06-25', 5, 5, 5, 5, 5, 5),
(29333, 'PAK EXPRESS', '2022-06-26', 5, 5, 5, 5, 5, 5),
(29333, 'PAK EXPRESS', '2022-06-27', 5, 5, 5, 5, 5, 5),
(29333, 'PAK EXPRESS', '2022-06-28', 5, 5, 5, 5, 5, 5),
(29333, 'PAK EXPRESS', '2022-06-29', 5, 5, 5, 5, 5, 5),
(29333, 'PAK EXPRESS', '2022-06-30', 5, 5, 5, 5, 5, 5);
INSERT INTO `seats_availability` (`Train_No`, `Train_Name`, `doj`, `1A`, `2A`, `3A`, `AC`, `CC`, `SL`) VALUES
(29333, 'PAK EXPRESS', '2022-07-01', 5, 5, 5, 5, 5, 5),
(29333, 'PAK EXPRESS', '2022-07-02', 5, 5, 5, 5, 5, 5),
(29333, 'PAK EXPRESS', '2022-07-03', 5, 5, 5, 5, 5, 5),
(29333, 'PAK EXPRESS', '2022-07-04', 5, 5, 5, 5, 5, 5),
(29333, 'PAK EXPRESS', '2022-07-05', 5, 5, 5, 5, 5, 5),
(29333, 'PAK EXPRESS', '2022-07-06', 5, 5, 5, 5, 5, 5),
(29333, 'PAK EXPRESS', '2022-07-07', 5, 5, 5, 5, 5, 5),
(29333, 'PAK EXPRESS', '2022-07-08', 5, 5, 5, 5, 5, 5),
(59442, 'SHAH EXPRESS', '2022-04-10', 5, 5, 5, 5, 5, 5),
(59442, 'SHAH EXPRESS', '2022-04-11', 5, 5, 5, 5, 5, 5),
(59442, 'SHAH EXPRESS', '2022-04-12', 5, 5, 5, 5, 5, 5),
(59442, 'SHAH EXPRESS', '2022-04-13', 5, 5, 5, 5, 5, 5),
(59442, 'SHAH EXPRESS', '2022-04-14', 5, 5, 5, 5, 5, 5),
(59442, 'SHAH EXPRESS', '2022-04-15', 5, 5, 5, 5, 5, 5),
(59442, 'SHAH EXPRESS', '2022-04-16', 5, 5, 5, 5, 5, 5),
(59442, 'SHAH EXPRESS', '2022-04-17', 5, 5, 5, 5, 5, 5),
(59442, 'SHAH EXPRESS', '2022-04-18', 5, 5, 5, 5, 5, 5),
(59442, 'SHAH EXPRESS', '2022-04-19', 5, 5, 5, 5, 5, 5),
(59442, 'SHAH EXPRESS', '2022-04-20', 5, 5, 5, 5, 5, 5),
(59442, 'SHAH EXPRESS', '2022-04-21', 5, 5, 5, 5, 5, 5),
(59442, 'SHAH EXPRESS', '2022-04-22', 5, 5, 5, 5, 5, 5),
(59442, 'SHAH EXPRESS', '2022-04-23', 5, 5, 5, 5, 5, 5),
(59442, 'SHAH EXPRESS', '2022-04-24', 5, 5, 5, 5, 5, 5),
(59442, 'SHAH EXPRESS', '2022-04-25', 5, 5, 5, 5, 5, 5),
(59442, 'SHAH EXPRESS', '2022-04-26', 5, 5, 5, 5, 5, 5),
(59442, 'SHAH EXPRESS', '2022-04-27', 5, 5, 5, 5, 5, 5),
(59442, 'SHAH EXPRESS', '2022-04-28', 5, 5, 5, 5, 5, 5),
(59442, 'SHAH EXPRESS', '2022-04-29', 5, 5, 5, 5, 5, 5),
(59442, 'SHAH EXPRESS', '2022-04-30', 5, 5, 5, 5, 5, 5),
(59442, 'SHAH EXPRESS', '2022-05-01', 5, 5, 5, 5, 5, 5),
(59442, 'SHAH EXPRESS', '2022-05-02', 5, 5, 5, 5, 5, 5),
(59442, 'SHAH EXPRESS', '2022-05-03', 5, 5, 5, 5, 5, 5),
(59442, 'SHAH EXPRESS', '2022-05-04', 5, 5, 5, 5, 5, 5),
(59442, 'SHAH EXPRESS', '2022-05-05', 5, 5, 5, 5, 5, 5),
(59442, 'SHAH EXPRESS', '2022-05-06', 5, 5, 5, 5, 5, 5),
(59442, 'SHAH EXPRESS', '2022-05-07', 5, 5, 5, 5, 5, 5),
(59442, 'SHAH EXPRESS', '2022-05-08', 5, 5, 5, 5, 5, 5),
(59442, 'SHAH EXPRESS', '2022-05-09', 5, 5, 5, 5, 5, 5),
(59442, 'SHAH EXPRESS', '2022-05-10', 5, 5, 5, 5, 5, 5),
(59442, 'SHAH EXPRESS', '2022-05-11', 5, 5, 5, 5, 5, 5),
(59442, 'SHAH EXPRESS', '2022-05-12', 5, 5, 5, 5, 5, 5),
(59442, 'SHAH EXPRESS', '2022-05-13', 5, 5, 5, 5, 5, 5),
(59442, 'SHAH EXPRESS', '2022-05-14', 5, 5, 5, 5, 5, 5),
(59442, 'SHAH EXPRESS', '2022-05-15', 5, 5, 5, 5, 5, 5),
(59442, 'SHAH EXPRESS', '2022-05-16', 5, 5, 5, 5, 5, 5),
(59442, 'SHAH EXPRESS', '2022-05-17', 5, 5, 5, 5, 5, 5),
(59442, 'SHAH EXPRESS', '2022-05-18', 5, 5, 5, 5, 5, 5),
(59442, 'SHAH EXPRESS', '2022-05-19', 5, 5, 5, 5, 5, 5),
(59442, 'SHAH EXPRESS', '2022-05-20', 5, 5, 5, 5, 5, 5),
(59442, 'SHAH EXPRESS', '2022-05-21', 5, 5, 5, 5, 5, 5),
(59442, 'SHAH EXPRESS', '2022-05-22', 5, 5, 5, 5, 5, 5),
(59442, 'SHAH EXPRESS', '2022-05-23', 5, 5, 5, 5, 5, 5),
(59442, 'SHAH EXPRESS', '2022-05-24', 5, 5, 5, 5, 5, 5),
(59442, 'SHAH EXPRESS', '2022-05-25', 5, 5, 5, 5, 5, 5),
(59442, 'SHAH EXPRESS', '2022-05-26', 5, 5, 5, 5, 5, 5),
(59442, 'SHAH EXPRESS', '2022-05-27', 5, 5, 5, 5, 5, 5),
(59442, 'SHAH EXPRESS', '2022-05-28', 5, 5, 5, 5, 5, 5),
(59442, 'SHAH EXPRESS', '2022-05-29', 5, 5, 5, 5, 5, 5),
(59442, 'SHAH EXPRESS', '2022-05-30', 5, 5, 5, 5, 5, 5),
(59442, 'SHAH EXPRESS', '2022-05-31', 5, 5, 5, 5, 5, 5),
(59442, 'SHAH EXPRESS', '2022-06-01', 5, 5, 5, 5, 5, 5),
(59442, 'SHAH EXPRESS', '2022-06-02', 5, 5, 5, 5, 5, 5),
(59442, 'SHAH EXPRESS', '2022-06-03', 5, 5, 5, 5, 5, 5),
(59442, 'SHAH EXPRESS', '2022-06-04', 5, 5, 5, 5, 5, 5),
(59442, 'SHAH EXPRESS', '2022-06-05', 5, 5, 5, 5, 5, 5),
(59442, 'SHAH EXPRESS', '2022-06-06', 5, 5, 5, 5, 5, 5),
(59442, 'SHAH EXPRESS', '2022-06-07', 5, 5, 5, 5, 5, 5),
(59442, 'SHAH EXPRESS', '2022-06-08', 5, 5, 5, 5, 5, 5),
(59442, 'SHAH EXPRESS', '2022-06-09', 5, 5, 5, 5, 5, 5),
(59442, 'SHAH EXPRESS', '2022-06-10', 5, 5, 5, 5, 5, 5),
(59442, 'SHAH EXPRESS', '2022-06-11', 5, 5, 5, 5, 5, 5),
(59442, 'SHAH EXPRESS', '2022-06-12', 5, 5, 5, 5, 5, 5),
(59442, 'SHAH EXPRESS', '2022-06-13', 5, 5, 5, 5, 5, 5),
(59442, 'SHAH EXPRESS', '2022-06-14', 5, 5, 5, 5, 5, 5),
(59442, 'SHAH EXPRESS', '2022-06-15', 5, 5, 5, 5, 5, 5),
(59442, 'SHAH EXPRESS', '2022-06-16', 5, 5, 5, 5, 5, 5),
(59442, 'SHAH EXPRESS', '2022-06-17', 5, 5, 5, 5, 5, 5),
(59442, 'SHAH EXPRESS', '2022-06-18', 5, 5, 5, 5, 5, 5),
(59442, 'SHAH EXPRESS', '2022-06-19', 5, 5, 5, 5, 5, 5),
(59442, 'SHAH EXPRESS', '2022-06-20', 5, 5, 5, 5, 5, 5),
(59442, 'SHAH EXPRESS', '2022-06-21', 5, 5, 5, 5, 5, 5),
(59442, 'SHAH EXPRESS', '2022-06-22', 5, 5, 5, 5, 5, 5),
(59442, 'SHAH EXPRESS', '2022-06-23', 5, 5, 5, 5, 5, 5),
(59442, 'SHAH EXPRESS', '2022-06-24', 5, 5, 5, 5, 5, 5),
(59442, 'SHAH EXPRESS', '2022-06-25', 5, 5, 5, 5, 5, 5),
(59442, 'SHAH EXPRESS', '2022-06-26', 5, 5, 5, 5, 5, 5),
(59442, 'SHAH EXPRESS', '2022-06-27', 5, 5, 5, 5, 5, 5),
(59442, 'SHAH EXPRESS', '2022-06-28', 5, 5, 5, 5, 5, 5),
(59442, 'SHAH EXPRESS', '2022-06-29', 5, 5, 5, 5, 5, 5),
(59442, 'SHAH EXPRESS', '2022-06-30', 5, 5, 5, 5, 5, 5),
(59442, 'SHAH EXPRESS', '2022-07-01', 5, 5, 5, 5, 5, 5),
(59442, 'SHAH EXPRESS', '2022-07-02', 5, 5, 5, 5, 5, 5),
(59442, 'SHAH EXPRESS', '2022-07-03', 5, 5, 5, 5, 5, 5),
(59442, 'SHAH EXPRESS', '2022-07-04', 5, 5, 5, 5, 5, 5),
(59442, 'SHAH EXPRESS', '2022-07-05', 5, 5, 5, 5, 5, 5),
(59442, 'SHAH EXPRESS', '2022-07-06', 5, 5, 5, 5, 5, 5),
(59442, 'SHAH EXPRESS', '2022-07-07', 5, 5, 5, 5, 5, 5),
(59442, 'SHAH EXPRESS', '2022-07-08', 5, 5, 5, 5, 5, 5),
(63212, 'AWAMI EXPRESS', '2022-05-01', 5, 5, 5, 5, 5, 5),
(63212, 'AWAMI EXPRESS', '2022-05-02', 5, 5, 5, 5, 5, 5),
(63212, 'AWAMI EXPRESS', '2022-05-03', 5, 5, 5, 5, 5, 5),
(63212, 'AWAMI EXPRESS', '2022-05-04', 5, 5, 5, 5, 5, 5),
(63212, 'AWAMI EXPRESS', '2022-05-05', 5, 5, 5, 5, 5, 5),
(63212, 'AWAMI EXPRESS', '2022-05-06', 5, 5, 5, 5, 5, 5),
(63212, 'AWAMI EXPRESS', '2022-05-07', 5, 5, 5, 5, 5, 5),
(63212, 'AWAMI EXPRESS', '2022-05-08', 5, 5, 5, 5, 5, 5),
(63212, 'AWAMI EXPRESS', '2022-05-09', 5, 5, 5, 5, 5, 5),
(63212, 'AWAMI EXPRESS', '2022-05-10', 5, 5, 5, 5, 5, 5),
(63212, 'AWAMI EXPRESS', '2022-05-11', 5, 5, 5, 5, 5, 5),
(63212, 'AWAMI EXPRESS', '2022-05-12', 5, 5, 5, 5, 5, 5),
(63212, 'AWAMI EXPRESS', '2022-05-13', 5, 5, 5, 5, 5, 5),
(63212, 'AWAMI EXPRESS', '2022-05-14', 5, 5, 5, 5, 5, 5),
(63212, 'AWAMI EXPRESS', '2022-05-15', 5, 5, 5, 5, 5, 5),
(63212, 'AWAMI EXPRESS', '2022-05-16', 5, 5, 5, 5, 5, 5),
(63212, 'AWAMI EXPRESS', '2022-05-17', 5, 5, 5, 5, 5, 5),
(63212, 'AWAMI EXPRESS', '2022-05-18', 5, 5, 5, 5, 5, 5),
(63212, 'AWAMI EXPRESS', '2022-05-19', 5, 5, 5, 5, 5, 5),
(63212, 'AWAMI EXPRESS', '2022-05-20', 5, 5, 5, 5, 5, 5);

-- --------------------------------------------------------

--
-- Table structure for table `train_list`
--

CREATE TABLE `train_list` (
  `Number` int(6) NOT NULL,
  `Name` varchar(20) NOT NULL,
  `Origin` varchar(20) NOT NULL,
  `Destination` varchar(20) NOT NULL,
  `Arrival` varchar(10) NOT NULL,
  `Departure` varchar(10) NOT NULL,
  `Mon` varchar(2) NOT NULL,
  `Tue` varchar(2) NOT NULL,
  `Wed` varchar(2) NOT NULL,
  `Thu` varchar(2) NOT NULL,
  `Fri` varchar(2) NOT NULL,
  `Sat` varchar(2) NOT NULL,
  `Sun` varchar(2) NOT NULL,
  `1A` int(11) NOT NULL,
  `2A` int(11) NOT NULL,
  `3A` int(11) NOT NULL,
  `SL` int(11) NOT NULL,
  `General` int(11) NOT NULL,
  `Ladies` int(11) NOT NULL,
  `Mens` int(11) NOT NULL
) ENGINE=InnoDB DEFAULT CHARSET=latin1;

--
-- Dumping data for table `train_list`
--

INSERT INTO `train_list` (`Number`, `Name`, `Origin`, `Destination`, `Arrival`, `Departure`, `Mon`, `Tue`, `Wed`, `Thu`, `Fri`, `Sat`, `Sun`, `1A`, `2A`, `3A`, `SL`, `General`, `Ladies`, `Mens`) VALUES
(12009, 'MEHRAN EXPRESS', 'HYD', 'ISLAMABAD', '22:15', '06:25', 'Y', 'Y', 'Y', 'Y', 'Y', 'Y', 'N', 2500, 1000, 500, 250, 2, 1, 3),
(12931, 'SIR SYED EXPRESS', 'HYD', 'ISLAMABAD', 'First st', '14:20', 'Y', 'Y', 'Y', 'Y', 'Y', 'Y', 'N', 2500, 1000, 500, 250, 2, 1, 3),
(12932, 'MILLAT EXPRESS', 'ISLAMABAD', 'HYD', '13:00', '04:00', 'Y', 'Y', 'Y', 'Y', 'Y', 'Y', 'N', 2500, 1000, 500, 250, 2, 1, 3),
(12952, 'SHAH LATIF EXPRESS', 'KARACHI', 'HYD', '08:25', 'last st', 'Y', 'Y', 'Y', 'Y', 'Y', 'Y', 'Y', 2500, 1000, 500, 250, 2, 1, 3),
(19011, 'QUAID EXPRESS', 'ISLAMABAD', 'PESHAWAR', '16:25', '10:35', 'Y', 'Y', 'Y', 'Y', 'Y', 'Y', 'Y', 2500, 1000, 500, 250, 2, 1, 3),
(25222, 'PINDI EXPRESS', 'KARACHI', 'PINDI', '16:15', '08:00', 'Y', 'N', 'Y', 'N', 'Y', 'N', 'Y', 2500, 1000, 500, 250, 2, 1, 3),
(29333, 'PAK EXPRESS', 'MULTAN', 'HYD', '08:05', '21:10', 'Y', 'Y', 'Y', 'Y', 'Y', 'N', 'N', 2500, 1000, 500, 250, 2, 2, 3),
(59442, 'SHAH EXPRESS', 'ISLAMABAD', 'HYD', '04:35', '1:35', 'N', 'Y', 'Y', 'Y', 'Y', 'Y', 'Y', 2500, 1000, 500, 250, 2, 1, 3),
(63212, 'AWAMI EXPRESS', 'LAHORE', 'MULTAN', '06:45', '2:00', 'Y', 'Y', 'Y', 'Y', 'Y', 'N', 'Y', 1500, 1500, 1000, 1250, 3, 2, 3);

-- --------------------------------------------------------

--
-- Table structure for table `users`
--

CREATE TABLE `users` (
  `f_name` varchar(50) NOT NULL,
  `l_name` varchar(50) NOT NULL,
  `email` varchar(50) NOT NULL,
  `password` varchar(20) NOT NULL,
  `gender` varchar(10) NOT NULL,
  `marital` varchar(10) NOT NULL,
  `dob` varchar(20) NOT NULL,
  `mobile` bigint(10) NOT NULL,
  `ques` varchar(100) NOT NULL,
  `ans` varchar(100) NOT NULL
) ENGINE=InnoDB DEFAULT CHARSET=latin1;

--
-- Dumping data for table `users`
--

INSERT INTO `users` (`f_name`, `l_name`, `email`, `password`, `gender`, `marital`, `dob`, `mobile`, `ques`, `ans`) VALUES
('jaideep', 'jagani', 'jaganijaideep@gmail.com', '123456789', 'male', 'unmarried', '2000-03-31', 3332852111, 'What was the name of your first school?', 'jaidy');

--
-- Indexes for dumped tables
--

--
-- Indexes for table `train_list`
--
ALTER TABLE `train_list`
  ADD PRIMARY KEY (`Number`);

/*!40101 SET CHARACTER_SET_CLIENT=@OLD_CHARACTER_SET_CLIENT */;
/*!40101 SET CHARACTER_SET_RESULTS=@OLD_CHARACTER_SET_RESULTS */;
/*!40101 SET COLLATION_CONNECTION=@OLD_COLLATION_CONNECTION */;
